<?xml version="1.0" encoding="UTF-8"?>
<ipxact:component xmlns:xsi="http://www.w3.org/2001/XMLSchema-instance" xmlns:ipxact="http://www.accellera.org/XMLSchema/IPXACT/1685-2014" xmlns:kactus2="http://kactus2.cs.tut.fi" xsi:schemaLocation="http://www.accellera.org/XMLSchema/IPXACT/1685-2014/ http://www.accellera.org/XMLSchema/IPXACT/1685-2014/index.xsd">
	<ipxact:vendor>fusesoc</ipxact:vendor>
	<ipxact:library>socgen_CDE</ipxact:library>
	<ipxact:name>clock</ipxact:name>
	<ipxact:version>gater</ipxact:version>
	<ipxact:model>
		<ipxact:views>
			<ipxact:view>
				<ipxact:name>flat</ipxact:name>
				<ipxact:envIdentifier>verilog:Kactus2:</ipxact:envIdentifier>
				<ipxact:componentInstantiationRef>flat_verilog_component</ipxact:componentInstantiationRef>
			</ipxact:view>
		</ipxact:views>
		<ipxact:instantiations>
			<ipxact:componentInstantiation>
				<ipxact:name>flat_verilog_component</ipxact:name>
				<ipxact:language>verilog</ipxact:language>
				<ipxact:moduleName>cde_clock_gater</ipxact:moduleName>
				<ipxact:fileSetRef>
					<ipxact:localName>../verilog</ipxact:localName>
				</ipxact:fileSetRef>
			</ipxact:componentInstantiation>
		</ipxact:instantiations>
		<ipxact:ports>
			<ipxact:port>
				<ipxact:name>clk_in</ipxact:name>
				<ipxact:wire>
					<ipxact:direction>in</ipxact:direction>
					<ipxact:vectors>
						<ipxact:vector>
							<ipxact:left></ipxact:left>
							<ipxact:right></ipxact:right>
						</ipxact:vector>
					</ipxact:vectors>
					<ipxact:wireTypeDefs>
						<ipxact:wireTypeDef>
							<ipxact:typeName>wire</ipxact:typeName>
							<ipxact:typeDefinition></ipxact:typeDefinition>
						</ipxact:wireTypeDef>
					</ipxact:wireTypeDefs>
				</ipxact:wire>
				<ipxact:vendorExtensions>
					<kactus2:adHocVisible/>
				</ipxact:vendorExtensions>
			</ipxact:port>
			<ipxact:port>
				<ipxact:name>enable</ipxact:name>
				<ipxact:wire>
					<ipxact:direction>in</ipxact:direction>
					<ipxact:vectors>
						<ipxact:vector>
							<ipxact:left></ipxact:left>
							<ipxact:right></ipxact:right>
						</ipxact:vector>
					</ipxact:vectors>
					<ipxact:wireTypeDefs>
						<ipxact:wireTypeDef>
							<ipxact:typeName>wire</ipxact:typeName>
							<ipxact:typeDefinition></ipxact:typeDefinition>
						</ipxact:wireTypeDef>
					</ipxact:wireTypeDefs>
				</ipxact:wire>
				<ipxact:vendorExtensions>
					<kactus2:adHocVisible/>
				</ipxact:vendorExtensions>
			</ipxact:port>
			<ipxact:port>
				<ipxact:name>atg_clk_mode</ipxact:name>
				<ipxact:wire>
					<ipxact:direction>in</ipxact:direction>
					<ipxact:vectors>
						<ipxact:vector>
							<ipxact:left></ipxact:left>
							<ipxact:right></ipxact:right>
						</ipxact:vector>
					</ipxact:vectors>
					<ipxact:wireTypeDefs>
						<ipxact:wireTypeDef>
							<ipxact:typeName>wire</ipxact:typeName>
							<ipxact:typeDefinition></ipxact:typeDefinition>
						</ipxact:wireTypeDef>
					</ipxact:wireTypeDefs>
				</ipxact:wire>
				<ipxact:vendorExtensions>
					<kactus2:adHocVisible/>
				</ipxact:vendorExtensions>
			</ipxact:port>
			<ipxact:port>
				<ipxact:name>clk_out</ipxact:name>
				<ipxact:wire>
					<ipxact:direction>out</ipxact:direction>
					<ipxact:vectors>
						<ipxact:vector>
							<ipxact:left></ipxact:left>
							<ipxact:right></ipxact:right>
						</ipxact:vector>
					</ipxact:vectors>
					<ipxact:wireTypeDefs>
						<ipxact:wireTypeDef>
							<ipxact:typeName>wire</ipxact:typeName>
							<ipxact:typeDefinition></ipxact:typeDefinition>
						</ipxact:wireTypeDef>
					</ipxact:wireTypeDefs>
				</ipxact:wire>
				<ipxact:vendorExtensions>
					<kactus2:adHocVisible/>
				</ipxact:vendorExtensions>
			</ipxact:port>
		</ipxact:ports>
	</ipxact:model>
	<ipxact:fileSets>
		<ipxact:fileSet>
			<ipxact:name>../verilog</ipxact:name>
			<ipxact:file>
				<ipxact:name>../verilog/clock_gater.v</ipxact:name>
				<ipxact:fileType>verilogSource</ipxact:fileType>
				<ipxact:vendorExtensions>
					<kactus2:hash>d86bd458135def96eb8c3cb27a0ad17a835df665</kactus2:hash>
				</ipxact:vendorExtensions>
			</ipxact:file>
		</ipxact:fileSet>
	</ipxact:fileSets>
	<ipxact:description>clock gater cell</ipxact:description>
	<ipxact:vendorExtensions>
		<kactus2:version>3,1,2,0</kactus2:version>
		<kactus2:kts_attributes>
			<kactus2:kts_productHier>Flat</kactus2:kts_productHier>
			<kactus2:kts_implementation>HW</kactus2:kts_implementation>
			<kactus2:kts_firmness>Mutable</kactus2:kts_firmness>
		</kactus2:kts_attributes>
	</ipxact:vendorExtensions>
</ipxact:component>
