<?xml version="1.0" encoding="UTF-8"?>
<ipxact:component xmlns:xsi="http://www.w3.org/2001/XMLSchema-instance" xmlns:ipxact="http://www.accellera.org/XMLSchema/IPXACT/1685-2014" xmlns:kactus2="http://kactus2.cs.tut.fi" xsi:schemaLocation="http://www.accellera.org/XMLSchema/IPXACT/1685-2014/ http://www.accellera.org/XMLSchema/IPXACT/1685-2014/index.xsd">
	<ipxact:vendor>fusesoc</ipxact:vendor>
	<ipxact:library>socgen_CDE</ipxact:library>
	<ipxact:name>jtag</ipxact:name>
	<ipxact:version>tap_sm</ipxact:version>
	<ipxact:model>
		<ipxact:views>
			<ipxact:view>
				<ipxact:name>flat</ipxact:name>
				<ipxact:envIdentifier>verilog:Kactus2:</ipxact:envIdentifier>
				<ipxact:componentInstantiationRef>flat_verilog_component</ipxact:componentInstantiationRef>
			</ipxact:view>
		</ipxact:views>
		<ipxact:instantiations>
			<ipxact:componentInstantiation>
				<ipxact:name>flat_verilog_component</ipxact:name>
				<ipxact:language>verilog</ipxact:language>
				<ipxact:moduleName>cde_jtag_tap_sm</ipxact:moduleName>
				<ipxact:moduleParameters>
					<ipxact:moduleParameter parameterId="uuid_8b777390_b5d2_4e1f_96f9_61e4f33c14a0" usageType="nontyped">
						<ipxact:name>BYPASS</ipxact:name>
						<ipxact:arrays>
							<ipxact:array>
								<ipxact:left></ipxact:left>
								<ipxact:right></ipxact:right>
							</ipxact:array>
						</ipxact:arrays>
						<ipxact:value>4'b1111</ipxact:value>
					</ipxact:moduleParameter>
					<ipxact:moduleParameter parameterId="uuid_a9067ed6_689f_4d7a_aa69_4064c70e0e7b" usageType="nontyped">
						<ipxact:name>CHIP_ID_ACCESS</ipxact:name>
						<ipxact:arrays>
							<ipxact:array>
								<ipxact:left></ipxact:left>
								<ipxact:right></ipxact:right>
							</ipxact:array>
						</ipxact:arrays>
						<ipxact:value>4'b0011</ipxact:value>
					</ipxact:moduleParameter>
					<ipxact:moduleParameter parameterId="uuid_05677fcd_519d_4e8e_b0e5_957ff51e609b" usageType="nontyped">
						<ipxact:name>CLAMP</ipxact:name>
						<ipxact:arrays>
							<ipxact:array>
								<ipxact:left></ipxact:left>
								<ipxact:right></ipxact:right>
							</ipxact:array>
						</ipxact:arrays>
						<ipxact:value>4'b1000</ipxact:value>
					</ipxact:moduleParameter>
					<ipxact:moduleParameter parameterId="uuid_62ee6603_48a9_444d_b919_4d709e12d27a" usageType="nontyped">
						<ipxact:name>EXTEST</ipxact:name>
						<ipxact:arrays>
							<ipxact:array>
								<ipxact:left></ipxact:left>
								<ipxact:right></ipxact:right>
							</ipxact:array>
						</ipxact:arrays>
						<ipxact:value>4'b0000</ipxact:value>
					</ipxact:moduleParameter>
					<ipxact:moduleParameter parameterId="uuid_1b86b7bd_05da_4f2c_8243_dfe86f51d80b" usageType="nontyped">
						<ipxact:name>HIGHZ_MODE</ipxact:name>
						<ipxact:arrays>
							<ipxact:array>
								<ipxact:left></ipxact:left>
								<ipxact:right></ipxact:right>
							</ipxact:array>
						</ipxact:arrays>
						<ipxact:value>4'b0010</ipxact:value>
					</ipxact:moduleParameter>
					<ipxact:moduleParameter parameterId="uuid_1a6d0a5a_cf0a_40a9_b4e9_0a054750b194" usageType="nontyped">
						<ipxact:name>INST_LENGTH</ipxact:name>
						<ipxact:arrays>
							<ipxact:array>
								<ipxact:left></ipxact:left>
								<ipxact:right></ipxact:right>
							</ipxact:array>
						</ipxact:arrays>
						<ipxact:value>4</ipxact:value>
					</ipxact:moduleParameter>
					<ipxact:moduleParameter parameterId="uuid_1c873b29_71c0_4bd7_b689_79af10c31490" usageType="nontyped">
						<ipxact:name>INST_RESET</ipxact:name>
						<ipxact:arrays>
							<ipxact:array>
								<ipxact:left></ipxact:left>
								<ipxact:right></ipxact:right>
							</ipxact:array>
						</ipxact:arrays>
						<ipxact:value>4'b1111</ipxact:value>
					</ipxact:moduleParameter>
					<ipxact:moduleParameter parameterId="uuid_6e1dafb4_9e37_45db_b49c_835431de992d" usageType="nontyped">
						<ipxact:name>INST_RETURN</ipxact:name>
						<ipxact:arrays>
							<ipxact:array>
								<ipxact:left></ipxact:left>
								<ipxact:right></ipxact:right>
							</ipxact:array>
						</ipxact:arrays>
						<ipxact:value>4'b1101</ipxact:value>
					</ipxact:moduleParameter>
					<ipxact:moduleParameter parameterId="uuid_0b30735e_6bd3_45d5_bdc1_3a1ecf3f85a5" usageType="nontyped">
						<ipxact:name>NUM_USER</ipxact:name>
						<ipxact:arrays>
							<ipxact:array>
								<ipxact:left></ipxact:left>
								<ipxact:right></ipxact:right>
							</ipxact:array>
						</ipxact:arrays>
						<ipxact:value>2</ipxact:value>
					</ipxact:moduleParameter>
					<ipxact:moduleParameter parameterId="uuid_db000f5f_9865_4d91_8e4d_ea0c00b7f2c7" usageType="nontyped">
						<ipxact:name>RPC_ADD</ipxact:name>
						<ipxact:arrays>
							<ipxact:array>
								<ipxact:left></ipxact:left>
								<ipxact:right></ipxact:right>
							</ipxact:array>
						</ipxact:arrays>
						<ipxact:value>4'b1001</ipxact:value>
					</ipxact:moduleParameter>
					<ipxact:moduleParameter parameterId="uuid_ee1acf47_7238_4a93_b942_7ce2dca0ff70" usageType="nontyped">
						<ipxact:name>RPC_DATA</ipxact:name>
						<ipxact:arrays>
							<ipxact:array>
								<ipxact:left></ipxact:left>
								<ipxact:right></ipxact:right>
							</ipxact:array>
						</ipxact:arrays>
						<ipxact:value>4'b1010</ipxact:value>
					</ipxact:moduleParameter>
					<ipxact:moduleParameter parameterId="uuid_21ca43fc_a1e8_45b9_811b_60bbf3b6c052" usageType="nontyped">
						<ipxact:name>SAMPLE</ipxact:name>
						<ipxact:arrays>
							<ipxact:array>
								<ipxact:left></ipxact:left>
								<ipxact:right></ipxact:right>
							</ipxact:array>
						</ipxact:arrays>
						<ipxact:value>4'b0001</ipxact:value>
					</ipxact:moduleParameter>
					<ipxact:moduleParameter parameterId="uuid_58345a66_16e2_4278_8448_52dd08ef1c4b" usageType="nontyped">
						<ipxact:name>USER</ipxact:name>
						<ipxact:arrays>
							<ipxact:array>
								<ipxact:left></ipxact:left>
								<ipxact:right></ipxact:right>
							</ipxact:array>
						</ipxact:arrays>
						<ipxact:value>8'b1010_1001</ipxact:value>
					</ipxact:moduleParameter>
				</ipxact:moduleParameters>
				<ipxact:fileSetRef>
					<ipxact:localName>../verilog</ipxact:localName>
				</ipxact:fileSetRef>
			</ipxact:componentInstantiation>
		</ipxact:instantiations>
		<ipxact:ports>
			<ipxact:port>
				<ipxact:name>clk</ipxact:name>
				<ipxact:wire>
					<ipxact:direction>in</ipxact:direction>
					<ipxact:vectors>
						<ipxact:vector>
							<ipxact:left></ipxact:left>
							<ipxact:right></ipxact:right>
						</ipxact:vector>
					</ipxact:vectors>
					<ipxact:wireTypeDefs>
						<ipxact:wireTypeDef>
							<ipxact:typeName>wire</ipxact:typeName>
							<ipxact:typeDefinition></ipxact:typeDefinition>
						</ipxact:wireTypeDef>
					</ipxact:wireTypeDefs>
				</ipxact:wire>
				<ipxact:vendorExtensions>
					<kactus2:adHocVisible/>
				</ipxact:vendorExtensions>
			</ipxact:port>
			<ipxact:port>
				<ipxact:name>tdi_pad_in</ipxact:name>
				<ipxact:wire>
					<ipxact:direction>in</ipxact:direction>
					<ipxact:vectors>
						<ipxact:vector>
							<ipxact:left></ipxact:left>
							<ipxact:right></ipxact:right>
						</ipxact:vector>
					</ipxact:vectors>
					<ipxact:wireTypeDefs>
						<ipxact:wireTypeDef>
							<ipxact:typeName>wire</ipxact:typeName>
							<ipxact:typeDefinition></ipxact:typeDefinition>
						</ipxact:wireTypeDef>
					</ipxact:wireTypeDefs>
				</ipxact:wire>
				<ipxact:vendorExtensions>
					<kactus2:adHocVisible/>
				</ipxact:vendorExtensions>
			</ipxact:port>
			<ipxact:port>
				<ipxact:name>tdo_in</ipxact:name>
				<ipxact:wire>
					<ipxact:direction>in</ipxact:direction>
					<ipxact:vectors>
						<ipxact:vector>
							<ipxact:left></ipxact:left>
							<ipxact:right></ipxact:right>
						</ipxact:vector>
					</ipxact:vectors>
					<ipxact:wireTypeDefs>
						<ipxact:wireTypeDef>
							<ipxact:typeName>wire</ipxact:typeName>
							<ipxact:typeDefinition></ipxact:typeDefinition>
						</ipxact:wireTypeDef>
					</ipxact:wireTypeDefs>
				</ipxact:wire>
				<ipxact:vendorExtensions>
					<kactus2:adHocVisible/>
				</ipxact:vendorExtensions>
			</ipxact:port>
			<ipxact:port>
				<ipxact:name>tms_pad_in</ipxact:name>
				<ipxact:wire>
					<ipxact:direction>in</ipxact:direction>
					<ipxact:vectors>
						<ipxact:vector>
							<ipxact:left></ipxact:left>
							<ipxact:right></ipxact:right>
						</ipxact:vector>
					</ipxact:vectors>
					<ipxact:wireTypeDefs>
						<ipxact:wireTypeDef>
							<ipxact:typeName>wire</ipxact:typeName>
							<ipxact:typeDefinition></ipxact:typeDefinition>
						</ipxact:wireTypeDef>
					</ipxact:wireTypeDefs>
				</ipxact:wire>
				<ipxact:vendorExtensions>
					<kactus2:adHocVisible/>
				</ipxact:vendorExtensions>
			</ipxact:port>
			<ipxact:port>
				<ipxact:name>trst_n_pad_in</ipxact:name>
				<ipxact:wire>
					<ipxact:direction>in</ipxact:direction>
					<ipxact:vectors>
						<ipxact:vector>
							<ipxact:left></ipxact:left>
							<ipxact:right></ipxact:right>
						</ipxact:vector>
					</ipxact:vectors>
					<ipxact:wireTypeDefs>
						<ipxact:wireTypeDef>
							<ipxact:typeName>wire</ipxact:typeName>
							<ipxact:typeDefinition></ipxact:typeDefinition>
						</ipxact:wireTypeDef>
					</ipxact:wireTypeDefs>
				</ipxact:wire>
				<ipxact:vendorExtensions>
					<kactus2:adHocVisible/>
				</ipxact:vendorExtensions>
			</ipxact:port>
			<ipxact:port>
				<ipxact:name>bsr_output_mode</ipxact:name>
				<ipxact:wire>
					<ipxact:direction>out</ipxact:direction>
					<ipxact:vectors>
						<ipxact:vector>
							<ipxact:left></ipxact:left>
							<ipxact:right></ipxact:right>
						</ipxact:vector>
					</ipxact:vectors>
					<ipxact:wireTypeDefs>
						<ipxact:wireTypeDef>
							<ipxact:typeName>reg</ipxact:typeName>
							<ipxact:typeDefinition></ipxact:typeDefinition>
						</ipxact:wireTypeDef>
					</ipxact:wireTypeDefs>
				</ipxact:wire>
				<ipxact:vendorExtensions>
					<kactus2:adHocVisible/>
				</ipxact:vendorExtensions>
			</ipxact:port>
			<ipxact:port>
				<ipxact:name>capture_dr_o</ipxact:name>
				<ipxact:wire>
					<ipxact:direction>out</ipxact:direction>
					<ipxact:vectors>
						<ipxact:vector>
							<ipxact:left></ipxact:left>
							<ipxact:right></ipxact:right>
						</ipxact:vector>
					</ipxact:vectors>
					<ipxact:wireTypeDefs>
						<ipxact:wireTypeDef>
							<ipxact:typeName>reg</ipxact:typeName>
							<ipxact:typeDefinition></ipxact:typeDefinition>
						</ipxact:wireTypeDef>
					</ipxact:wireTypeDefs>
				</ipxact:wire>
				<ipxact:vendorExtensions>
					<kactus2:adHocVisible/>
				</ipxact:vendorExtensions>
			</ipxact:port>
			<ipxact:port>
				<ipxact:name>shift_dr_o</ipxact:name>
				<ipxact:wire>
					<ipxact:direction>out</ipxact:direction>
					<ipxact:vectors>
						<ipxact:vector>
							<ipxact:left></ipxact:left>
							<ipxact:right></ipxact:right>
						</ipxact:vector>
					</ipxact:vectors>
					<ipxact:wireTypeDefs>
						<ipxact:wireTypeDef>
							<ipxact:typeName>reg</ipxact:typeName>
							<ipxact:typeDefinition></ipxact:typeDefinition>
						</ipxact:wireTypeDef>
					</ipxact:wireTypeDefs>
				</ipxact:wire>
				<ipxact:vendorExtensions>
					<kactus2:adHocVisible/>
				</ipxact:vendorExtensions>
			</ipxact:port>
			<ipxact:port>
				<ipxact:name>tap_highz_mode</ipxact:name>
				<ipxact:wire>
					<ipxact:direction>out</ipxact:direction>
					<ipxact:vectors>
						<ipxact:vector>
							<ipxact:left></ipxact:left>
							<ipxact:right></ipxact:right>
						</ipxact:vector>
					</ipxact:vectors>
					<ipxact:wireTypeDefs>
						<ipxact:wireTypeDef>
							<ipxact:typeName>reg</ipxact:typeName>
							<ipxact:typeDefinition></ipxact:typeDefinition>
						</ipxact:wireTypeDef>
					</ipxact:wireTypeDefs>
				</ipxact:wire>
				<ipxact:vendorExtensions>
					<kactus2:adHocVisible/>
				</ipxact:vendorExtensions>
			</ipxact:port>
			<ipxact:port>
				<ipxact:name>tdo_pad_oe</ipxact:name>
				<ipxact:wire>
					<ipxact:direction>out</ipxact:direction>
					<ipxact:vectors>
						<ipxact:vector>
							<ipxact:left></ipxact:left>
							<ipxact:right></ipxact:right>
						</ipxact:vector>
					</ipxact:vectors>
					<ipxact:wireTypeDefs>
						<ipxact:wireTypeDef>
							<ipxact:typeName>reg</ipxact:typeName>
							<ipxact:typeDefinition></ipxact:typeDefinition>
						</ipxact:wireTypeDef>
					</ipxact:wireTypeDefs>
				</ipxact:wire>
				<ipxact:vendorExtensions>
					<kactus2:adHocVisible/>
				</ipxact:vendorExtensions>
			</ipxact:port>
			<ipxact:port>
				<ipxact:name>tdo_pad_out</ipxact:name>
				<ipxact:wire>
					<ipxact:direction>out</ipxact:direction>
					<ipxact:vectors>
						<ipxact:vector>
							<ipxact:left></ipxact:left>
							<ipxact:right></ipxact:right>
						</ipxact:vector>
					</ipxact:vectors>
					<ipxact:wireTypeDefs>
						<ipxact:wireTypeDef>
							<ipxact:typeName>reg</ipxact:typeName>
							<ipxact:typeDefinition></ipxact:typeDefinition>
						</ipxact:wireTypeDef>
					</ipxact:wireTypeDefs>
				</ipxact:wire>
				<ipxact:vendorExtensions>
					<kactus2:adHocVisible/>
				</ipxact:vendorExtensions>
			</ipxact:port>
			<ipxact:port>
				<ipxact:name>test_logic_reset_o</ipxact:name>
				<ipxact:wire>
					<ipxact:direction>out</ipxact:direction>
					<ipxact:vectors>
						<ipxact:vector>
							<ipxact:left></ipxact:left>
							<ipxact:right></ipxact:right>
						</ipxact:vector>
					</ipxact:vectors>
					<ipxact:wireTypeDefs>
						<ipxact:wireTypeDef>
							<ipxact:typeName>reg</ipxact:typeName>
							<ipxact:typeDefinition></ipxact:typeDefinition>
						</ipxact:wireTypeDef>
					</ipxact:wireTypeDefs>
				</ipxact:wire>
				<ipxact:vendorExtensions>
					<kactus2:adHocVisible/>
				</ipxact:vendorExtensions>
			</ipxact:port>
			<ipxact:port>
				<ipxact:name>update_dr_o</ipxact:name>
				<ipxact:wire>
					<ipxact:direction>out</ipxact:direction>
					<ipxact:vectors>
						<ipxact:vector>
							<ipxact:left></ipxact:left>
							<ipxact:right></ipxact:right>
						</ipxact:vector>
					</ipxact:vectors>
					<ipxact:wireTypeDefs>
						<ipxact:wireTypeDef>
							<ipxact:typeName>reg</ipxact:typeName>
							<ipxact:typeDefinition></ipxact:typeDefinition>
						</ipxact:wireTypeDef>
					</ipxact:wireTypeDefs>
				</ipxact:wire>
				<ipxact:vendorExtensions>
					<kactus2:adHocVisible/>
				</ipxact:vendorExtensions>
			</ipxact:port>
			<ipxact:port>
				<ipxact:name>instruction</ipxact:name>
				<ipxact:wire>
					<ipxact:direction>out</ipxact:direction>
					<ipxact:vectors>
						<ipxact:vector>
							<ipxact:left> 3</ipxact:left>
							<ipxact:right>0</ipxact:right>
						</ipxact:vector>
					</ipxact:vectors>
					<ipxact:wireTypeDefs>
						<ipxact:wireTypeDef>
							<ipxact:typeName>reg</ipxact:typeName>
							<ipxact:typeDefinition></ipxact:typeDefinition>
						</ipxact:wireTypeDef>
					</ipxact:wireTypeDefs>
				</ipxact:wire>
				<ipxact:vendorExtensions>
					<kactus2:adHocVisible/>
				</ipxact:vendorExtensions>
			</ipxact:port>
			<ipxact:port>
				<ipxact:name>jtag_reset</ipxact:name>
				<ipxact:wire>
					<ipxact:direction>out</ipxact:direction>
					<ipxact:vectors>
						<ipxact:vector>
							<ipxact:left></ipxact:left>
							<ipxact:right></ipxact:right>
						</ipxact:vector>
					</ipxact:vectors>
					<ipxact:wireTypeDefs>
						<ipxact:wireTypeDef>
							<ipxact:typeName>wire</ipxact:typeName>
							<ipxact:typeDefinition></ipxact:typeDefinition>
						</ipxact:wireTypeDef>
					</ipxact:wireTypeDefs>
				</ipxact:wire>
				<ipxact:vendorExtensions>
					<kactus2:adHocVisible/>
				</ipxact:vendorExtensions>
			</ipxact:port>
			<ipxact:port>
				<ipxact:name>update_dr_clk_o</ipxact:name>
				<ipxact:wire>
					<ipxact:direction>out</ipxact:direction>
					<ipxact:vectors>
						<ipxact:vector>
							<ipxact:left></ipxact:left>
							<ipxact:right></ipxact:right>
						</ipxact:vector>
					</ipxact:vectors>
					<ipxact:wireTypeDefs>
						<ipxact:wireTypeDef>
							<ipxact:typeName>wire</ipxact:typeName>
							<ipxact:typeDefinition></ipxact:typeDefinition>
						</ipxact:wireTypeDef>
					</ipxact:wireTypeDefs>
				</ipxact:wire>
				<ipxact:vendorExtensions>
					<kactus2:adHocVisible/>
				</ipxact:vendorExtensions>
			</ipxact:port>
		</ipxact:ports>
	</ipxact:model>
	<ipxact:fileSets>
		<ipxact:fileSet>
			<ipxact:name>../verilog</ipxact:name>
			<ipxact:file>
				<ipxact:name>../verilog/jtag_tap_sm.v</ipxact:name>
				<ipxact:fileType>verilogSource</ipxact:fileType>
				<ipxact:vendorExtensions>
					<kactus2:hash>432cbfa23c687f2458c669d34483dd4f3fe9d5f3</kactus2:hash>
				</ipxact:vendorExtensions>
			</ipxact:file>
		</ipxact:fileSet>
	</ipxact:fileSets>
	<ipxact:description>Jtag state machine</ipxact:description>
	<ipxact:vendorExtensions>
		<kactus2:version>3,1,2,0</kactus2:version>
		<kactus2:kts_attributes>
			<kactus2:kts_productHier>Flat</kactus2:kts_productHier>
			<kactus2:kts_implementation>HW</kactus2:kts_implementation>
			<kactus2:kts_firmness>Mutable</kactus2:kts_firmness>
		</kactus2:kts_attributes>
	</ipxact:vendorExtensions>
</ipxact:component>
