<?xml version="1.0" encoding="UTF-8"?>
<ipxact:designConfiguration xmlns:xsi="http://www.w3.org/2001/XMLSchema-instance" xmlns:ipxact="http://www.accellera.org/XMLSchema/IPXACT/1685-2014" xmlns:kactus2="http://kactus2.cs.tut.fi" xsi:schemaLocation="http://www.accellera.org/XMLSchema/IPXACT/1685-2014/ http://www.accellera.org/XMLSchema/IPXACT/1685-2014/index.xsd">
	<ipxact:vendor>fusesoc</ipxact:vendor>
	<ipxact:library>socgen_CDE</ipxact:library>
	<ipxact:name>jtag.designcfg</ipxact:name>
	<ipxact:version>tap</ipxact:version>
	<ipxact:designRef vendor="fusesoc" library="socgen_CDE" name="jtag.design" version="tap"/>
	<ipxact:viewConfiguration>
		<ipxact:instanceName>jtag_0</ipxact:instanceName>
		<ipxact:view viewRef="sim"/>
	</ipxact:viewConfiguration>
	<ipxact:viewConfiguration>
		<ipxact:instanceName>jtag_1</ipxact:instanceName>
		<ipxact:view viewRef="flat"/>
	</ipxact:viewConfiguration>
	<ipxact:vendorExtensions>
		<kactus2:version>3,1,2,0</kactus2:version>
		<kactus2:kts_attributes>
			<kactus2:kts_implementation>HW</kactus2:kts_implementation>
		</kactus2:kts_attributes>
	</ipxact:vendorExtensions>
</ipxact:designConfiguration>
