<?xml version="1.0" encoding="UTF-8"?>
<ipxact:component xmlns:xsi="http://www.w3.org/2001/XMLSchema-instance" xmlns:ipxact="http://www.accellera.org/XMLSchema/IPXACT/1685-2014" xmlns:kactus2="http://kactus2.cs.tut.fi" xsi:schemaLocation="http://www.accellera.org/XMLSchema/IPXACT/1685-2014/ http://www.accellera.org/XMLSchema/IPXACT/1685-2014/index.xsd">
	<ipxact:vendor>fusesoc</ipxact:vendor>
	<ipxact:library>socgen_CDE</ipxact:library>
	<ipxact:name>jtag</ipxact:name>
	<ipxact:version>tap_logic</ipxact:version>
	<ipxact:model>
		<ipxact:views>
			<ipxact:view>
				<ipxact:name>flat</ipxact:name>
				<ipxact:envIdentifier>verilog:Kactus2:</ipxact:envIdentifier>
				<ipxact:componentInstantiationRef>flat_verilog_component</ipxact:componentInstantiationRef>
			</ipxact:view>
		</ipxact:views>
		<ipxact:instantiations>
			<ipxact:componentInstantiation>
				<ipxact:name>flat_verilog_component</ipxact:name>
				<ipxact:language>verilog</ipxact:language>
				<ipxact:moduleName>cde_jtag_tap_logic</ipxact:moduleName>
				<ipxact:moduleParameters>
					<ipxact:moduleParameter parameterId="uuid_5c4591ff_2623_4f5b_837a_64cc79373f67" usageType="nontyped">
						<ipxact:name>BYPASS</ipxact:name>
						<ipxact:arrays>
							<ipxact:array>
								<ipxact:left></ipxact:left>
								<ipxact:right></ipxact:right>
							</ipxact:array>
						</ipxact:arrays>
						<ipxact:value>4'b1111</ipxact:value>
					</ipxact:moduleParameter>
					<ipxact:moduleParameter parameterId="uuid_1daacb3a_ce2d_47f3_911a_c8123aa1f875" usageType="nontyped">
						<ipxact:name>CHIP_ID_ACCESS</ipxact:name>
						<ipxact:arrays>
							<ipxact:array>
								<ipxact:left></ipxact:left>
								<ipxact:right></ipxact:right>
							</ipxact:array>
						</ipxact:arrays>
						<ipxact:value>4'b0011</ipxact:value>
					</ipxact:moduleParameter>
					<ipxact:moduleParameter parameterId="uuid_385168c1_19a0_49ee_af78_0acadf750a15" usageType="nontyped">
						<ipxact:name>CHIP_ID_VAL</ipxact:name>
						<ipxact:arrays>
							<ipxact:array>
								<ipxact:left></ipxact:left>
								<ipxact:right></ipxact:right>
							</ipxact:array>
						</ipxact:arrays>
						<ipxact:value>32'h00000000</ipxact:value>
					</ipxact:moduleParameter>
					<ipxact:moduleParameter parameterId="uuid_44ce6e47_5f73_4a5d_8f09_021b2faed0ca" usageType="nontyped">
						<ipxact:name>CLAMP</ipxact:name>
						<ipxact:arrays>
							<ipxact:array>
								<ipxact:left></ipxact:left>
								<ipxact:right></ipxact:right>
							</ipxact:array>
						</ipxact:arrays>
						<ipxact:value>4'b1000</ipxact:value>
					</ipxact:moduleParameter>
					<ipxact:moduleParameter parameterId="uuid_cf45b4cd_04d3_4be5_9d13_3be05a78c72b" usageType="nontyped">
						<ipxact:name>EXTEST</ipxact:name>
						<ipxact:arrays>
							<ipxact:array>
								<ipxact:left></ipxact:left>
								<ipxact:right></ipxact:right>
							</ipxact:array>
						</ipxact:arrays>
						<ipxact:value>4'b0000</ipxact:value>
					</ipxact:moduleParameter>
					<ipxact:moduleParameter parameterId="uuid_a2c6a3c8_25a0_404f_8d21_984f71e43c95" usageType="nontyped">
						<ipxact:name>HIGHZ_MODE</ipxact:name>
						<ipxact:arrays>
							<ipxact:array>
								<ipxact:left></ipxact:left>
								<ipxact:right></ipxact:right>
							</ipxact:array>
						</ipxact:arrays>
						<ipxact:value>4'b0010</ipxact:value>
					</ipxact:moduleParameter>
					<ipxact:moduleParameter parameterId="uuid_163311a4_4452_4927_971f_e719c85684c4" usageType="nontyped">
						<ipxact:name>INST_LENGTH</ipxact:name>
						<ipxact:arrays>
							<ipxact:array>
								<ipxact:left></ipxact:left>
								<ipxact:right></ipxact:right>
							</ipxact:array>
						</ipxact:arrays>
						<ipxact:value>4</ipxact:value>
					</ipxact:moduleParameter>
					<ipxact:moduleParameter parameterId="uuid_8972d74a_66e9_4518_95d5_612a1d865ffc" usageType="nontyped">
						<ipxact:name>INST_RESET</ipxact:name>
						<ipxact:arrays>
							<ipxact:array>
								<ipxact:left></ipxact:left>
								<ipxact:right></ipxact:right>
							</ipxact:array>
						</ipxact:arrays>
						<ipxact:value>4'b1111</ipxact:value>
					</ipxact:moduleParameter>
					<ipxact:moduleParameter parameterId="uuid_a978300b_b391_46e4_8b7d_b9e4755a5b6c" usageType="nontyped">
						<ipxact:name>INST_RETURN</ipxact:name>
						<ipxact:arrays>
							<ipxact:array>
								<ipxact:left></ipxact:left>
								<ipxact:right></ipxact:right>
							</ipxact:array>
						</ipxact:arrays>
						<ipxact:value>4'b1101</ipxact:value>
					</ipxact:moduleParameter>
					<ipxact:moduleParameter parameterId="uuid_1b34f499_e567_4152_80ab_5369d1a53b43" usageType="nontyped">
						<ipxact:name>NUM_USER</ipxact:name>
						<ipxact:arrays>
							<ipxact:array>
								<ipxact:left></ipxact:left>
								<ipxact:right></ipxact:right>
							</ipxact:array>
						</ipxact:arrays>
						<ipxact:value>2</ipxact:value>
					</ipxact:moduleParameter>
					<ipxact:moduleParameter parameterId="uuid_dc8310a2_10e2_4575_85a8_d526f45eadc5" usageType="nontyped">
						<ipxact:name>RPC_ADD</ipxact:name>
						<ipxact:arrays>
							<ipxact:array>
								<ipxact:left></ipxact:left>
								<ipxact:right></ipxact:right>
							</ipxact:array>
						</ipxact:arrays>
						<ipxact:value>4'b1001</ipxact:value>
					</ipxact:moduleParameter>
					<ipxact:moduleParameter parameterId="uuid_1cb9e349_b5ed_428f_886a_e6de19c3205b" usageType="nontyped">
						<ipxact:name>RPC_DATA</ipxact:name>
						<ipxact:arrays>
							<ipxact:array>
								<ipxact:left></ipxact:left>
								<ipxact:right></ipxact:right>
							</ipxact:array>
						</ipxact:arrays>
						<ipxact:value>4'b1010</ipxact:value>
					</ipxact:moduleParameter>
					<ipxact:moduleParameter parameterId="uuid_a943ae4b_6a34_416c_9f46_345dea16bbae" usageType="nontyped">
						<ipxact:name>SAMPLE</ipxact:name>
						<ipxact:arrays>
							<ipxact:array>
								<ipxact:left></ipxact:left>
								<ipxact:right></ipxact:right>
							</ipxact:array>
						</ipxact:arrays>
						<ipxact:value>4'b0001</ipxact:value>
					</ipxact:moduleParameter>
					<ipxact:moduleParameter parameterId="uuid_7f1831ad_f7ab_426c_a31b_307c05cfb07f" usageType="nontyped">
						<ipxact:name>USER</ipxact:name>
						<ipxact:arrays>
							<ipxact:array>
								<ipxact:left></ipxact:left>
								<ipxact:right></ipxact:right>
							</ipxact:array>
						</ipxact:arrays>
						<ipxact:value>8'b1010_1001</ipxact:value>
					</ipxact:moduleParameter>
				</ipxact:moduleParameters>
				<ipxact:fileSetRef>
					<ipxact:localName>../verilog</ipxact:localName>
				</ipxact:fileSetRef>
			</ipxact:componentInstantiation>
		</ipxact:instantiations>
		<ipxact:ports>
			<ipxact:port>
				<ipxact:name>aux_tdo_i</ipxact:name>
				<ipxact:wire>
					<ipxact:direction>in</ipxact:direction>
					<ipxact:vectors>
						<ipxact:vector>
							<ipxact:left></ipxact:left>
							<ipxact:right></ipxact:right>
						</ipxact:vector>
					</ipxact:vectors>
					<ipxact:wireTypeDefs>
						<ipxact:wireTypeDef>
							<ipxact:typeName>wire</ipxact:typeName>
							<ipxact:typeDefinition></ipxact:typeDefinition>
						</ipxact:wireTypeDef>
					</ipxact:wireTypeDefs>
				</ipxact:wire>
				<ipxact:vendorExtensions>
					<kactus2:adHocVisible/>
				</ipxact:vendorExtensions>
			</ipxact:port>
			<ipxact:port>
				<ipxact:name>capture_dr_o</ipxact:name>
				<ipxact:wire>
					<ipxact:direction>in</ipxact:direction>
					<ipxact:vectors>
						<ipxact:vector>
							<ipxact:left></ipxact:left>
							<ipxact:right></ipxact:right>
						</ipxact:vector>
					</ipxact:vectors>
					<ipxact:wireTypeDefs>
						<ipxact:wireTypeDef>
							<ipxact:typeName>wire</ipxact:typeName>
							<ipxact:typeDefinition></ipxact:typeDefinition>
						</ipxact:wireTypeDef>
					</ipxact:wireTypeDefs>
				</ipxact:wire>
				<ipxact:vendorExtensions>
					<kactus2:adHocVisible/>
				</ipxact:vendorExtensions>
			</ipxact:port>
			<ipxact:port>
				<ipxact:name>chip_id_tdo</ipxact:name>
				<ipxact:wire>
					<ipxact:direction>in</ipxact:direction>
					<ipxact:vectors>
						<ipxact:vector>
							<ipxact:left></ipxact:left>
							<ipxact:right></ipxact:right>
						</ipxact:vector>
					</ipxact:vectors>
					<ipxact:wireTypeDefs>
						<ipxact:wireTypeDef>
							<ipxact:typeName>wire</ipxact:typeName>
							<ipxact:typeDefinition></ipxact:typeDefinition>
						</ipxact:wireTypeDef>
					</ipxact:wireTypeDefs>
				</ipxact:wire>
				<ipxact:vendorExtensions>
					<kactus2:adHocVisible/>
				</ipxact:vendorExtensions>
			</ipxact:port>
			<ipxact:port>
				<ipxact:name>jtag_shift_clk</ipxact:name>
				<ipxact:wire>
					<ipxact:direction>in</ipxact:direction>
					<ipxact:vectors>
						<ipxact:vector>
							<ipxact:left></ipxact:left>
							<ipxact:right></ipxact:right>
						</ipxact:vector>
					</ipxact:vectors>
					<ipxact:wireTypeDefs>
						<ipxact:wireTypeDef>
							<ipxact:typeName>wire</ipxact:typeName>
							<ipxact:typeDefinition></ipxact:typeDefinition>
						</ipxact:wireTypeDef>
					</ipxact:wireTypeDefs>
				</ipxact:wire>
				<ipxact:vendorExtensions>
					<kactus2:adHocVisible/>
				</ipxact:vendorExtensions>
			</ipxact:port>
			<ipxact:port>
				<ipxact:name>shift_dr_o</ipxact:name>
				<ipxact:wire>
					<ipxact:direction>in</ipxact:direction>
					<ipxact:vectors>
						<ipxact:vector>
							<ipxact:left></ipxact:left>
							<ipxact:right></ipxact:right>
						</ipxact:vector>
					</ipxact:vectors>
					<ipxact:wireTypeDefs>
						<ipxact:wireTypeDef>
							<ipxact:typeName>wire</ipxact:typeName>
							<ipxact:typeDefinition></ipxact:typeDefinition>
						</ipxact:wireTypeDef>
					</ipxact:wireTypeDefs>
				</ipxact:wire>
				<ipxact:vendorExtensions>
					<kactus2:adHocVisible/>
				</ipxact:vendorExtensions>
			</ipxact:port>
			<ipxact:port>
				<ipxact:name>tdi_pad_in</ipxact:name>
				<ipxact:wire>
					<ipxact:direction>in</ipxact:direction>
					<ipxact:vectors>
						<ipxact:vector>
							<ipxact:left></ipxact:left>
							<ipxact:right></ipxact:right>
						</ipxact:vector>
					</ipxact:vectors>
					<ipxact:wireTypeDefs>
						<ipxact:wireTypeDef>
							<ipxact:typeName>wire</ipxact:typeName>
							<ipxact:typeDefinition></ipxact:typeDefinition>
						</ipxact:wireTypeDef>
					</ipxact:wireTypeDefs>
				</ipxact:wire>
				<ipxact:vendorExtensions>
					<kactus2:adHocVisible/>
				</ipxact:vendorExtensions>
			</ipxact:port>
			<ipxact:port>
				<ipxact:name>tdo_i</ipxact:name>
				<ipxact:wire>
					<ipxact:direction>in</ipxact:direction>
					<ipxact:vectors>
						<ipxact:vector>
							<ipxact:left></ipxact:left>
							<ipxact:right></ipxact:right>
						</ipxact:vector>
					</ipxact:vectors>
					<ipxact:wireTypeDefs>
						<ipxact:wireTypeDef>
							<ipxact:typeName>wire</ipxact:typeName>
							<ipxact:typeDefinition></ipxact:typeDefinition>
						</ipxact:wireTypeDef>
					</ipxact:wireTypeDefs>
				</ipxact:wire>
				<ipxact:vendorExtensions>
					<kactus2:adHocVisible/>
				</ipxact:vendorExtensions>
			</ipxact:port>
			<ipxact:port>
				<ipxact:name>test_logic_reset_o</ipxact:name>
				<ipxact:wire>
					<ipxact:direction>in</ipxact:direction>
					<ipxact:vectors>
						<ipxact:vector>
							<ipxact:left></ipxact:left>
							<ipxact:right></ipxact:right>
						</ipxact:vector>
					</ipxact:vectors>
					<ipxact:wireTypeDefs>
						<ipxact:wireTypeDef>
							<ipxact:typeName>wire</ipxact:typeName>
							<ipxact:typeDefinition></ipxact:typeDefinition>
						</ipxact:wireTypeDef>
					</ipxact:wireTypeDefs>
				</ipxact:wire>
				<ipxact:vendorExtensions>
					<kactus2:adHocVisible/>
				</ipxact:vendorExtensions>
			</ipxact:port>
			<ipxact:port>
				<ipxact:name>update_dr_clk_o</ipxact:name>
				<ipxact:wire>
					<ipxact:direction>in</ipxact:direction>
					<ipxact:vectors>
						<ipxact:vector>
							<ipxact:left></ipxact:left>
							<ipxact:right></ipxact:right>
						</ipxact:vector>
					</ipxact:vectors>
					<ipxact:wireTypeDefs>
						<ipxact:wireTypeDef>
							<ipxact:typeName>wire</ipxact:typeName>
							<ipxact:typeDefinition></ipxact:typeDefinition>
						</ipxact:wireTypeDef>
					</ipxact:wireTypeDefs>
				</ipxact:wire>
				<ipxact:vendorExtensions>
					<kactus2:adHocVisible/>
				</ipxact:vendorExtensions>
			</ipxact:port>
			<ipxact:port>
				<ipxact:name>update_dr_o</ipxact:name>
				<ipxact:wire>
					<ipxact:direction>in</ipxact:direction>
					<ipxact:vectors>
						<ipxact:vector>
							<ipxact:left></ipxact:left>
							<ipxact:right></ipxact:right>
						</ipxact:vector>
					</ipxact:vectors>
					<ipxact:wireTypeDefs>
						<ipxact:wireTypeDef>
							<ipxact:typeName>wire</ipxact:typeName>
							<ipxact:typeDefinition></ipxact:typeDefinition>
						</ipxact:wireTypeDef>
					</ipxact:wireTypeDefs>
				</ipxact:wire>
				<ipxact:vendorExtensions>
					<kactus2:adHocVisible/>
				</ipxact:vendorExtensions>
			</ipxact:port>
			<ipxact:port>
				<ipxact:name>instruction</ipxact:name>
				<ipxact:wire>
					<ipxact:direction>in</ipxact:direction>
					<ipxact:vectors>
						<ipxact:vector>
							<ipxact:left> 3</ipxact:left>
							<ipxact:right>0</ipxact:right>
						</ipxact:vector>
					</ipxact:vectors>
					<ipxact:wireTypeDefs>
						<ipxact:wireTypeDef>
							<ipxact:typeName>wire</ipxact:typeName>
							<ipxact:typeDefinition></ipxact:typeDefinition>
						</ipxact:wireTypeDef>
					</ipxact:wireTypeDefs>
				</ipxact:wire>
				<ipxact:vendorExtensions>
					<kactus2:adHocVisible/>
				</ipxact:vendorExtensions>
			</ipxact:port>
			<ipxact:port>
				<ipxact:name>next_tdo</ipxact:name>
				<ipxact:wire>
					<ipxact:direction>out</ipxact:direction>
					<ipxact:vectors>
						<ipxact:vector>
							<ipxact:left></ipxact:left>
							<ipxact:right></ipxact:right>
						</ipxact:vector>
					</ipxact:vectors>
					<ipxact:wireTypeDefs>
						<ipxact:wireTypeDef>
							<ipxact:typeName>reg</ipxact:typeName>
							<ipxact:typeDefinition></ipxact:typeDefinition>
						</ipxact:wireTypeDef>
					</ipxact:wireTypeDefs>
				</ipxact:wire>
				<ipxact:vendorExtensions>
					<kactus2:adHocVisible/>
				</ipxact:vendorExtensions>
			</ipxact:port>
			<ipxact:port>
				<ipxact:name>aux_capture_dr_o</ipxact:name>
				<ipxact:wire>
					<ipxact:direction>out</ipxact:direction>
					<ipxact:vectors>
						<ipxact:vector>
							<ipxact:left></ipxact:left>
							<ipxact:right></ipxact:right>
						</ipxact:vector>
					</ipxact:vectors>
					<ipxact:wireTypeDefs>
						<ipxact:wireTypeDef>
							<ipxact:typeName>wire</ipxact:typeName>
							<ipxact:typeDefinition></ipxact:typeDefinition>
						</ipxact:wireTypeDef>
					</ipxact:wireTypeDefs>
				</ipxact:wire>
				<ipxact:vendorExtensions>
					<kactus2:adHocVisible/>
				</ipxact:vendorExtensions>
			</ipxact:port>
			<ipxact:port>
				<ipxact:name>aux_jtag_clk</ipxact:name>
				<ipxact:wire>
					<ipxact:direction>out</ipxact:direction>
					<ipxact:vectors>
						<ipxact:vector>
							<ipxact:left></ipxact:left>
							<ipxact:right></ipxact:right>
						</ipxact:vector>
					</ipxact:vectors>
					<ipxact:wireTypeDefs>
						<ipxact:wireTypeDef>
							<ipxact:typeName>wire</ipxact:typeName>
							<ipxact:typeDefinition></ipxact:typeDefinition>
						</ipxact:wireTypeDef>
					</ipxact:wireTypeDefs>
				</ipxact:wire>
				<ipxact:vendorExtensions>
					<kactus2:adHocVisible/>
				</ipxact:vendorExtensions>
			</ipxact:port>
			<ipxact:port>
				<ipxact:name>aux_select_o</ipxact:name>
				<ipxact:wire>
					<ipxact:direction>out</ipxact:direction>
					<ipxact:vectors>
						<ipxact:vector>
							<ipxact:left></ipxact:left>
							<ipxact:right></ipxact:right>
						</ipxact:vector>
					</ipxact:vectors>
					<ipxact:wireTypeDefs>
						<ipxact:wireTypeDef>
							<ipxact:typeName>wire</ipxact:typeName>
							<ipxact:typeDefinition></ipxact:typeDefinition>
						</ipxact:wireTypeDef>
					</ipxact:wireTypeDefs>
				</ipxact:wire>
				<ipxact:vendorExtensions>
					<kactus2:adHocVisible/>
				</ipxact:vendorExtensions>
			</ipxact:port>
			<ipxact:port>
				<ipxact:name>aux_shift_dr_o</ipxact:name>
				<ipxact:wire>
					<ipxact:direction>out</ipxact:direction>
					<ipxact:vectors>
						<ipxact:vector>
							<ipxact:left></ipxact:left>
							<ipxact:right></ipxact:right>
						</ipxact:vector>
					</ipxact:vectors>
					<ipxact:wireTypeDefs>
						<ipxact:wireTypeDef>
							<ipxact:typeName>wire</ipxact:typeName>
							<ipxact:typeDefinition></ipxact:typeDefinition>
						</ipxact:wireTypeDef>
					</ipxact:wireTypeDefs>
				</ipxact:wire>
				<ipxact:vendorExtensions>
					<kactus2:adHocVisible/>
				</ipxact:vendorExtensions>
			</ipxact:port>
			<ipxact:port>
				<ipxact:name>aux_shiftcapture_dr_clk_o</ipxact:name>
				<ipxact:wire>
					<ipxact:direction>out</ipxact:direction>
					<ipxact:vectors>
						<ipxact:vector>
							<ipxact:left></ipxact:left>
							<ipxact:right></ipxact:right>
						</ipxact:vector>
					</ipxact:vectors>
					<ipxact:wireTypeDefs>
						<ipxact:wireTypeDef>
							<ipxact:typeName>wire</ipxact:typeName>
							<ipxact:typeDefinition></ipxact:typeDefinition>
						</ipxact:wireTypeDef>
					</ipxact:wireTypeDefs>
				</ipxact:wire>
				<ipxact:vendorExtensions>
					<kactus2:adHocVisible/>
				</ipxact:vendorExtensions>
			</ipxact:port>
			<ipxact:port>
				<ipxact:name>aux_tdi_o</ipxact:name>
				<ipxact:wire>
					<ipxact:direction>out</ipxact:direction>
					<ipxact:vectors>
						<ipxact:vector>
							<ipxact:left></ipxact:left>
							<ipxact:right></ipxact:right>
						</ipxact:vector>
					</ipxact:vectors>
					<ipxact:wireTypeDefs>
						<ipxact:wireTypeDef>
							<ipxact:typeName>wire</ipxact:typeName>
							<ipxact:typeDefinition></ipxact:typeDefinition>
						</ipxact:wireTypeDef>
					</ipxact:wireTypeDefs>
				</ipxact:wire>
				<ipxact:vendorExtensions>
					<kactus2:adHocVisible/>
				</ipxact:vendorExtensions>
			</ipxact:port>
			<ipxact:port>
				<ipxact:name>aux_test_logic_reset_o</ipxact:name>
				<ipxact:wire>
					<ipxact:direction>out</ipxact:direction>
					<ipxact:vectors>
						<ipxact:vector>
							<ipxact:left></ipxact:left>
							<ipxact:right></ipxact:right>
						</ipxact:vector>
					</ipxact:vectors>
					<ipxact:wireTypeDefs>
						<ipxact:wireTypeDef>
							<ipxact:typeName>wire</ipxact:typeName>
							<ipxact:typeDefinition></ipxact:typeDefinition>
						</ipxact:wireTypeDef>
					</ipxact:wireTypeDefs>
				</ipxact:wire>
				<ipxact:vendorExtensions>
					<kactus2:adHocVisible/>
				</ipxact:vendorExtensions>
			</ipxact:port>
			<ipxact:port>
				<ipxact:name>aux_update_dr_clk_o</ipxact:name>
				<ipxact:wire>
					<ipxact:direction>out</ipxact:direction>
					<ipxact:vectors>
						<ipxact:vector>
							<ipxact:left></ipxact:left>
							<ipxact:right></ipxact:right>
						</ipxact:vector>
					</ipxact:vectors>
					<ipxact:wireTypeDefs>
						<ipxact:wireTypeDef>
							<ipxact:typeName>wire</ipxact:typeName>
							<ipxact:typeDefinition></ipxact:typeDefinition>
						</ipxact:wireTypeDef>
					</ipxact:wireTypeDefs>
				</ipxact:wire>
				<ipxact:vendorExtensions>
					<kactus2:adHocVisible/>
				</ipxact:vendorExtensions>
			</ipxact:port>
			<ipxact:port>
				<ipxact:name>aux_update_dr_o</ipxact:name>
				<ipxact:wire>
					<ipxact:direction>out</ipxact:direction>
					<ipxact:vectors>
						<ipxact:vector>
							<ipxact:left></ipxact:left>
							<ipxact:right></ipxact:right>
						</ipxact:vector>
					</ipxact:vectors>
					<ipxact:wireTypeDefs>
						<ipxact:wireTypeDef>
							<ipxact:typeName>wire</ipxact:typeName>
							<ipxact:typeDefinition></ipxact:typeDefinition>
						</ipxact:wireTypeDef>
					</ipxact:wireTypeDefs>
				</ipxact:wire>
				<ipxact:vendorExtensions>
					<kactus2:adHocVisible/>
				</ipxact:vendorExtensions>
			</ipxact:port>
			<ipxact:port>
				<ipxact:name>bsr_select_o</ipxact:name>
				<ipxact:wire>
					<ipxact:direction>out</ipxact:direction>
					<ipxact:vectors>
						<ipxact:vector>
							<ipxact:left></ipxact:left>
							<ipxact:right></ipxact:right>
						</ipxact:vector>
					</ipxact:vectors>
					<ipxact:wireTypeDefs>
						<ipxact:wireTypeDef>
							<ipxact:typeName>wire</ipxact:typeName>
							<ipxact:typeDefinition></ipxact:typeDefinition>
						</ipxact:wireTypeDef>
					</ipxact:wireTypeDefs>
				</ipxact:wire>
				<ipxact:vendorExtensions>
					<kactus2:adHocVisible/>
				</ipxact:vendorExtensions>
			</ipxact:port>
			<ipxact:port>
				<ipxact:name>chip_id_select</ipxact:name>
				<ipxact:wire>
					<ipxact:direction>out</ipxact:direction>
					<ipxact:vectors>
						<ipxact:vector>
							<ipxact:left></ipxact:left>
							<ipxact:right></ipxact:right>
						</ipxact:vector>
					</ipxact:vectors>
					<ipxact:wireTypeDefs>
						<ipxact:wireTypeDef>
							<ipxact:typeName>wire</ipxact:typeName>
							<ipxact:typeDefinition></ipxact:typeDefinition>
						</ipxact:wireTypeDef>
					</ipxact:wireTypeDefs>
				</ipxact:wire>
				<ipxact:vendorExtensions>
					<kactus2:adHocVisible/>
				</ipxact:vendorExtensions>
			</ipxact:port>
			<ipxact:port>
				<ipxact:name>clamp</ipxact:name>
				<ipxact:wire>
					<ipxact:direction>out</ipxact:direction>
					<ipxact:vectors>
						<ipxact:vector>
							<ipxact:left></ipxact:left>
							<ipxact:right></ipxact:right>
						</ipxact:vector>
					</ipxact:vectors>
					<ipxact:wireTypeDefs>
						<ipxact:wireTypeDef>
							<ipxact:typeName>wire</ipxact:typeName>
							<ipxact:typeDefinition></ipxact:typeDefinition>
						</ipxact:wireTypeDef>
					</ipxact:wireTypeDefs>
				</ipxact:wire>
				<ipxact:vendorExtensions>
					<kactus2:adHocVisible/>
				</ipxact:vendorExtensions>
			</ipxact:port>
			<ipxact:port>
				<ipxact:name>extest</ipxact:name>
				<ipxact:wire>
					<ipxact:direction>out</ipxact:direction>
					<ipxact:vectors>
						<ipxact:vector>
							<ipxact:left></ipxact:left>
							<ipxact:right></ipxact:right>
						</ipxact:vector>
					</ipxact:vectors>
					<ipxact:wireTypeDefs>
						<ipxact:wireTypeDef>
							<ipxact:typeName>wire</ipxact:typeName>
							<ipxact:typeDefinition></ipxact:typeDefinition>
						</ipxact:wireTypeDef>
					</ipxact:wireTypeDefs>
				</ipxact:wire>
				<ipxact:vendorExtensions>
					<kactus2:adHocVisible/>
				</ipxact:vendorExtensions>
			</ipxact:port>
			<ipxact:port>
				<ipxact:name>jtag_clk</ipxact:name>
				<ipxact:wire>
					<ipxact:direction>out</ipxact:direction>
					<ipxact:vectors>
						<ipxact:vector>
							<ipxact:left></ipxact:left>
							<ipxact:right></ipxact:right>
						</ipxact:vector>
					</ipxact:vectors>
					<ipxact:wireTypeDefs>
						<ipxact:wireTypeDef>
							<ipxact:typeName>wire</ipxact:typeName>
							<ipxact:typeDefinition></ipxact:typeDefinition>
						</ipxact:wireTypeDef>
					</ipxact:wireTypeDefs>
				</ipxact:wire>
				<ipxact:vendorExtensions>
					<kactus2:adHocVisible/>
				</ipxact:vendorExtensions>
			</ipxact:port>
			<ipxact:port>
				<ipxact:name>jtag_reset</ipxact:name>
				<ipxact:wire>
					<ipxact:direction>out</ipxact:direction>
					<ipxact:vectors>
						<ipxact:vector>
							<ipxact:left></ipxact:left>
							<ipxact:right></ipxact:right>
						</ipxact:vector>
					</ipxact:vectors>
					<ipxact:wireTypeDefs>
						<ipxact:wireTypeDef>
							<ipxact:typeName>wire</ipxact:typeName>
							<ipxact:typeDefinition></ipxact:typeDefinition>
						</ipxact:wireTypeDef>
					</ipxact:wireTypeDefs>
				</ipxact:wire>
				<ipxact:vendorExtensions>
					<kactus2:adHocVisible/>
				</ipxact:vendorExtensions>
			</ipxact:port>
			<ipxact:port>
				<ipxact:name>sample</ipxact:name>
				<ipxact:wire>
					<ipxact:direction>out</ipxact:direction>
					<ipxact:vectors>
						<ipxact:vector>
							<ipxact:left></ipxact:left>
							<ipxact:right></ipxact:right>
						</ipxact:vector>
					</ipxact:vectors>
					<ipxact:wireTypeDefs>
						<ipxact:wireTypeDef>
							<ipxact:typeName>wire</ipxact:typeName>
							<ipxact:typeDefinition></ipxact:typeDefinition>
						</ipxact:wireTypeDef>
					</ipxact:wireTypeDefs>
				</ipxact:wire>
				<ipxact:vendorExtensions>
					<kactus2:adHocVisible/>
				</ipxact:vendorExtensions>
			</ipxact:port>
			<ipxact:port>
				<ipxact:name>select_o</ipxact:name>
				<ipxact:wire>
					<ipxact:direction>out</ipxact:direction>
					<ipxact:vectors>
						<ipxact:vector>
							<ipxact:left></ipxact:left>
							<ipxact:right></ipxact:right>
						</ipxact:vector>
					</ipxact:vectors>
					<ipxact:wireTypeDefs>
						<ipxact:wireTypeDef>
							<ipxact:typeName>wire</ipxact:typeName>
							<ipxact:typeDefinition></ipxact:typeDefinition>
						</ipxact:wireTypeDef>
					</ipxact:wireTypeDefs>
				</ipxact:wire>
				<ipxact:vendorExtensions>
					<kactus2:adHocVisible/>
				</ipxact:vendorExtensions>
			</ipxact:port>
			<ipxact:port>
				<ipxact:name>shiftcapture_dr_clk_o</ipxact:name>
				<ipxact:wire>
					<ipxact:direction>out</ipxact:direction>
					<ipxact:vectors>
						<ipxact:vector>
							<ipxact:left></ipxact:left>
							<ipxact:right></ipxact:right>
						</ipxact:vector>
					</ipxact:vectors>
					<ipxact:wireTypeDefs>
						<ipxact:wireTypeDef>
							<ipxact:typeName>wire</ipxact:typeName>
							<ipxact:typeDefinition></ipxact:typeDefinition>
						</ipxact:wireTypeDef>
					</ipxact:wireTypeDefs>
				</ipxact:wire>
				<ipxact:vendorExtensions>
					<kactus2:adHocVisible/>
				</ipxact:vendorExtensions>
			</ipxact:port>
			<ipxact:port>
				<ipxact:name>shiftcapture_dr_o</ipxact:name>
				<ipxact:wire>
					<ipxact:direction>out</ipxact:direction>
					<ipxact:vectors>
						<ipxact:vector>
							<ipxact:left></ipxact:left>
							<ipxact:right></ipxact:right>
						</ipxact:vector>
					</ipxact:vectors>
					<ipxact:wireTypeDefs>
						<ipxact:wireTypeDef>
							<ipxact:typeName>wire</ipxact:typeName>
							<ipxact:typeDefinition></ipxact:typeDefinition>
						</ipxact:wireTypeDef>
					</ipxact:wireTypeDefs>
				</ipxact:wire>
				<ipxact:vendorExtensions>
					<kactus2:adHocVisible/>
				</ipxact:vendorExtensions>
			</ipxact:port>
			<ipxact:port>
				<ipxact:name>tdi_o</ipxact:name>
				<ipxact:wire>
					<ipxact:direction>out</ipxact:direction>
					<ipxact:vectors>
						<ipxact:vector>
							<ipxact:left></ipxact:left>
							<ipxact:right></ipxact:right>
						</ipxact:vector>
					</ipxact:vectors>
					<ipxact:wireTypeDefs>
						<ipxact:wireTypeDef>
							<ipxact:typeName>wire</ipxact:typeName>
							<ipxact:typeDefinition></ipxact:typeDefinition>
						</ipxact:wireTypeDef>
					</ipxact:wireTypeDefs>
				</ipxact:wire>
				<ipxact:vendorExtensions>
					<kactus2:adHocVisible/>
				</ipxact:vendorExtensions>
			</ipxact:port>
			<ipxact:port>
				<ipxact:name>chip_id_value</ipxact:name>
				<ipxact:wire>
					<ipxact:direction>out</ipxact:direction>
					<ipxact:vectors>
						<ipxact:vector>
							<ipxact:left> 31</ipxact:left>
							<ipxact:right>0</ipxact:right>
						</ipxact:vector>
					</ipxact:vectors>
					<ipxact:wireTypeDefs>
						<ipxact:wireTypeDef>
							<ipxact:typeName>wire</ipxact:typeName>
							<ipxact:typeDefinition></ipxact:typeDefinition>
						</ipxact:wireTypeDef>
					</ipxact:wireTypeDefs>
				</ipxact:wire>
				<ipxact:vendorExtensions>
					<kactus2:adHocVisible/>
				</ipxact:vendorExtensions>
			</ipxact:port>
		</ipxact:ports>
	</ipxact:model>
	<ipxact:fileSets>
		<ipxact:fileSet>
			<ipxact:name>../verilog</ipxact:name>
			<ipxact:file>
				<ipxact:name>../verilog/jtag_tap_logic.v</ipxact:name>
				<ipxact:fileType>verilogSource</ipxact:fileType>
				<ipxact:vendorExtensions>
					<kactus2:hash>32a6446473db54c346554a727317324bf0b204b8</kactus2:hash>
				</ipxact:vendorExtensions>
			</ipxact:file>
		</ipxact:fileSet>
	</ipxact:fileSets>
	<ipxact:description>jtag glue logic</ipxact:description>
	<ipxact:vendorExtensions>
		<kactus2:version>3,1,2,0</kactus2:version>
		<kactus2:kts_attributes>
			<kactus2:kts_productHier>Flat</kactus2:kts_productHier>
			<kactus2:kts_implementation>HW</kactus2:kts_implementation>
			<kactus2:kts_firmness>Mutable</kactus2:kts_firmness>
		</kactus2:kts_attributes>
	</ipxact:vendorExtensions>
</ipxact:component>
