<?xml version="1.0" encoding="UTF-8"?>
<ipxact:component xmlns:xsi="http://www.w3.org/2001/XMLSchema-instance" xmlns:ipxact="http://www.accellera.org/XMLSchema/IPXACT/1685-2014" xmlns:kactus2="http://kactus2.cs.tut.fi" xsi:schemaLocation="http://www.accellera.org/XMLSchema/IPXACT/1685-2014/ http://www.accellera.org/XMLSchema/IPXACT/1685-2014/index.xsd">
	<ipxact:vendor>fusesoc</ipxact:vendor>
	<ipxact:library>socgen_CDE</ipxact:library>
	<ipxact:name>jtag</ipxact:name>
	<ipxact:version>tap_core</ipxact:version>
	<ipxact:busInterfaces>
		<ipxact:busInterface>
			<ipxact:name>tclk_pad</ipxact:name>
			<ipxact:busType vendor="fusesoc" library="socgen_Busdefs" name="pad" version="bus"/>
			<ipxact:abstractionTypes>
				<ipxact:abstractionType>
					<ipxact:abstractionRef vendor="fusesoc" library="socgen_Busdefs" name="pad.absDef" version="bus"/>
					<ipxact:portMaps>
						<ipxact:portMap>
							<ipxact:logicalPort>
								<ipxact:name>pad_in</ipxact:name>
							</ipxact:logicalPort>
							<ipxact:physicalPort>
								<ipxact:name>tclk_pad_in</ipxact:name>
							</ipxact:physicalPort>
						</ipxact:portMap>
					</ipxact:portMaps>
				</ipxact:abstractionType>
			</ipxact:abstractionTypes>
			<ipxact:master/>
		</ipxact:busInterface>
		<ipxact:busInterface>
			<ipxact:name>tdi_pad</ipxact:name>
			<ipxact:busType vendor="fusesoc" library="socgen_Busdefs" name="pad" version="bus"/>
			<ipxact:abstractionTypes>
				<ipxact:abstractionType>
					<ipxact:abstractionRef vendor="fusesoc" library="socgen_Busdefs" name="pad.absDef" version="bus"/>
					<ipxact:portMaps>
						<ipxact:portMap>
							<ipxact:logicalPort>
								<ipxact:name>pad_in</ipxact:name>
							</ipxact:logicalPort>
							<ipxact:physicalPort>
								<ipxact:name>tdi_pad_in</ipxact:name>
							</ipxact:physicalPort>
						</ipxact:portMap>
					</ipxact:portMaps>
				</ipxact:abstractionType>
			</ipxact:abstractionTypes>
			<ipxact:master/>
		</ipxact:busInterface>
		<ipxact:busInterface>
			<ipxact:name>tms_pad</ipxact:name>
			<ipxact:busType vendor="fusesoc" library="socgen_Busdefs" name="pad" version="bus"/>
			<ipxact:abstractionTypes>
				<ipxact:abstractionType>
					<ipxact:abstractionRef vendor="fusesoc" library="socgen_Busdefs" name="pad.absDef" version="bus"/>
					<ipxact:portMaps>
						<ipxact:portMap>
							<ipxact:logicalPort>
								<ipxact:name>pad_in</ipxact:name>
							</ipxact:logicalPort>
							<ipxact:physicalPort>
								<ipxact:name>tms_pad_in</ipxact:name>
							</ipxact:physicalPort>
						</ipxact:portMap>
					</ipxact:portMaps>
				</ipxact:abstractionType>
			</ipxact:abstractionTypes>
			<ipxact:master/>
		</ipxact:busInterface>
		<ipxact:busInterface>
			<ipxact:name>tdo_pad</ipxact:name>
			<ipxact:busType vendor="fusesoc" library="socgen_Busdefs" name="pad" version="bus"/>
			<ipxact:abstractionTypes>
				<ipxact:abstractionType>
					<ipxact:abstractionRef vendor="fusesoc" library="socgen_Busdefs" name="pad.absDef" version="bus"/>
					<ipxact:portMaps>
						<ipxact:portMap>
							<ipxact:logicalPort>
								<ipxact:name>pad_out</ipxact:name>
							</ipxact:logicalPort>
							<ipxact:physicalPort>
								<ipxact:name>tdo_pad_out</ipxact:name>
							</ipxact:physicalPort>
						</ipxact:portMap>
						<ipxact:portMap>
							<ipxact:logicalPort>
								<ipxact:name>pad_oe</ipxact:name>
							</ipxact:logicalPort>
							<ipxact:physicalPort>
								<ipxact:name>tdo_pad_oe</ipxact:name>
							</ipxact:physicalPort>
						</ipxact:portMap>
					</ipxact:portMaps>
				</ipxact:abstractionType>
			</ipxact:abstractionTypes>
			<ipxact:master/>
		</ipxact:busInterface>
		<ipxact:busInterface>
			<ipxact:name>trst_n_pad</ipxact:name>
			<ipxact:busType vendor="fusesoc" library="socgen_Busdefs" name="pad" version="bus"/>
			<ipxact:abstractionTypes>
				<ipxact:abstractionType>
					<ipxact:abstractionRef vendor="fusesoc" library="socgen_Busdefs" name="pad.absDef" version="bus"/>
					<ipxact:portMaps>
						<ipxact:portMap>
							<ipxact:logicalPort>
								<ipxact:name>pad_in</ipxact:name>
							</ipxact:logicalPort>
							<ipxact:physicalPort>
								<ipxact:name>trst_n_pad_in</ipxact:name>
							</ipxact:physicalPort>
						</ipxact:portMap>
					</ipxact:portMaps>
				</ipxact:abstractionType>
			</ipxact:abstractionTypes>
			<ipxact:master/>
		</ipxact:busInterface>
		<ipxact:busInterface>
			<ipxact:name>aux</ipxact:name>
			<ipxact:busType vendor="fusesoc" library="socgen_CDE" name="jtag" version="bus"/>
			<ipxact:abstractionTypes>
				<ipxact:abstractionType>
					<ipxact:abstractionRef vendor="fusesoc" library="socgen_CDE" name="jtag.absDef" version="bus"/>
					<ipxact:portMaps>
						<ipxact:portMap>
							<ipxact:logicalPort>
								<ipxact:name>select</ipxact:name>
							</ipxact:logicalPort>
							<ipxact:physicalPort>
								<ipxact:name>aux_select_o</ipxact:name>
							</ipxact:physicalPort>
						</ipxact:portMap>
						<ipxact:portMap>
							<ipxact:logicalPort>
								<ipxact:name>capture_dr</ipxact:name>
							</ipxact:logicalPort>
							<ipxact:physicalPort>
								<ipxact:name>aux_capture_dr_o</ipxact:name>
							</ipxact:physicalPort>
						</ipxact:portMap>
						<ipxact:portMap>
							<ipxact:logicalPort>
								<ipxact:name>shift_dr</ipxact:name>
							</ipxact:logicalPort>
							<ipxact:physicalPort>
								<ipxact:name>aux_shift_dr_o</ipxact:name>
							</ipxact:physicalPort>
						</ipxact:portMap>
						<ipxact:portMap>
							<ipxact:logicalPort>
								<ipxact:name>tdo</ipxact:name>
							</ipxact:logicalPort>
							<ipxact:physicalPort>
								<ipxact:name>aux_tdo_i</ipxact:name>
							</ipxact:physicalPort>
						</ipxact:portMap>
						<ipxact:portMap>
							<ipxact:logicalPort>
								<ipxact:name>tdi</ipxact:name>
							</ipxact:logicalPort>
							<ipxact:physicalPort>
								<ipxact:name>aux_tdi_o</ipxact:name>
							</ipxact:physicalPort>
						</ipxact:portMap>
					</ipxact:portMaps>
				</ipxact:abstractionType>
			</ipxact:abstractionTypes>
			<ipxact:master/>
		</ipxact:busInterface>
		<ipxact:busInterface>
			<ipxact:name>jtag</ipxact:name>
			<ipxact:busType vendor="fusesoc" library="socgen_CDE" name="jtag" version="bus"/>
			<ipxact:abstractionTypes>
				<ipxact:abstractionType>
					<ipxact:abstractionRef vendor="fusesoc" library="socgen_CDE" name="jtag.absDef" version="bus"/>
					<ipxact:portMaps>
						<ipxact:portMap>
							<ipxact:logicalPort>
								<ipxact:name>select</ipxact:name>
							</ipxact:logicalPort>
							<ipxact:physicalPort>
								<ipxact:name>select_o</ipxact:name>
							</ipxact:physicalPort>
						</ipxact:portMap>
						<ipxact:portMap>
							<ipxact:logicalPort>
								<ipxact:name>capture_dr</ipxact:name>
							</ipxact:logicalPort>
							<ipxact:physicalPort>
								<ipxact:name>capture_dr_o</ipxact:name>
							</ipxact:physicalPort>
						</ipxact:portMap>
						<ipxact:portMap>
							<ipxact:logicalPort>
								<ipxact:name>shift_dr</ipxact:name>
							</ipxact:logicalPort>
							<ipxact:physicalPort>
								<ipxact:name>shift_dr_o</ipxact:name>
							</ipxact:physicalPort>
						</ipxact:portMap>
						<ipxact:portMap>
							<ipxact:logicalPort>
								<ipxact:name>update_dr</ipxact:name>
							</ipxact:logicalPort>
							<ipxact:physicalPort>
								<ipxact:name>update_dr_o</ipxact:name>
							</ipxact:physicalPort>
						</ipxact:portMap>
						<ipxact:portMap>
							<ipxact:logicalPort>
								<ipxact:name>test_logic_reset</ipxact:name>
							</ipxact:logicalPort>
							<ipxact:physicalPort>
								<ipxact:name>test_logic_reset_o</ipxact:name>
							</ipxact:physicalPort>
						</ipxact:portMap>						
						<ipxact:portMap>
							<ipxact:logicalPort>
								<ipxact:name>tdo</ipxact:name>
							</ipxact:logicalPort>
							<ipxact:physicalPort>
								<ipxact:name>tdo_i</ipxact:name>
							</ipxact:physicalPort>
						</ipxact:portMap>
						<ipxact:portMap>
							<ipxact:logicalPort>
								<ipxact:name>tdi</ipxact:name>
							</ipxact:logicalPort>
							<ipxact:physicalPort>
								<ipxact:name>tdi_o</ipxact:name>
							</ipxact:physicalPort>
						</ipxact:portMap>
					</ipxact:portMaps>
				</ipxact:abstractionType>
			</ipxact:abstractionTypes>
			<ipxact:master/>
		</ipxact:busInterface>
	      </ipxact:busInterfaces>
	<ipxact:model>
		<ipxact:views>
			<ipxact:view>
				<ipxact:name>sim</ipxact:name>
				<ipxact:displayName>jtag_tap_core</ipxact:displayName>
				<ipxact:envIdentifier>verilog:Kactus2:</ipxact:envIdentifier>
				<ipxact:componentInstantiationRef>flat_verilog_component</ipxact:componentInstantiationRef>
			</ipxact:view>
		</ipxact:views>
		<ipxact:instantiations>
			<ipxact:componentInstantiation>
				<ipxact:name>flat_verilog_component</ipxact:name>
				<ipxact:language>verilog</ipxact:language>
				<ipxact:moduleName>cde_jtag_tap_core</ipxact:moduleName>
				<ipxact:moduleParameters>
					<ipxact:moduleParameter parameterId="uuid_a03dc9a9_f0c1_48fc_bf0c_337c547b816c" usageType="nontyped">
						<ipxact:name>BYPASS</ipxact:name>
						<ipxact:arrays>
							<ipxact:array>
								<ipxact:left></ipxact:left>
								<ipxact:right></ipxact:right>
							</ipxact:array>
						</ipxact:arrays>
						<ipxact:value>4'b1111</ipxact:value>
					</ipxact:moduleParameter>
					<ipxact:moduleParameter parameterId="uuid_f6551645_823d_4779_8f10_756e2c5488a4" usageType="nontyped">
						<ipxact:name>CHIP_ID_ACCESS</ipxact:name>
						<ipxact:arrays>
							<ipxact:array>
								<ipxact:left></ipxact:left>
								<ipxact:right></ipxact:right>
							</ipxact:array>
						</ipxact:arrays>
						<ipxact:value>4'b0011</ipxact:value>
					</ipxact:moduleParameter>
					<ipxact:moduleParameter parameterId="uuid_80de3c2d_5685_4d2e_a19a_58a6992cf3ce" usageType="nontyped">
						<ipxact:name>CHIP_ID_VAL</ipxact:name>
						<ipxact:arrays>
							<ipxact:array>
								<ipxact:left></ipxact:left>
								<ipxact:right></ipxact:right>
							</ipxact:array>
						</ipxact:arrays>
						<ipxact:value>32'h12345678</ipxact:value>
					</ipxact:moduleParameter>
					<ipxact:moduleParameter parameterId="uuid_cdfa946f_7383_4726_aa65_037214189582" usageType="nontyped">
						<ipxact:name>CLAMP</ipxact:name>
						<ipxact:arrays>
							<ipxact:array>
								<ipxact:left></ipxact:left>
								<ipxact:right></ipxact:right>
							</ipxact:array>
						</ipxact:arrays>
						<ipxact:value>4'b1000</ipxact:value>
					</ipxact:moduleParameter>
					<ipxact:moduleParameter parameterId="uuid_521b9fde_3f30_468b_8237_2a9b01d963f9" usageType="nontyped">
						<ipxact:name>EXTEST</ipxact:name>
						<ipxact:arrays>
							<ipxact:array>
								<ipxact:left></ipxact:left>
								<ipxact:right></ipxact:right>
							</ipxact:array>
						</ipxact:arrays>
						<ipxact:value>4'b0000</ipxact:value>
					</ipxact:moduleParameter>
					<ipxact:moduleParameter parameterId="uuid_041abc41_11ff_4b2d_8927_88c3f93e5a31" usageType="nontyped">
						<ipxact:name>HIGHZ_MODE</ipxact:name>
						<ipxact:arrays>
							<ipxact:array>
								<ipxact:left></ipxact:left>
								<ipxact:right></ipxact:right>
							</ipxact:array>
						</ipxact:arrays>
						<ipxact:value>4'b0010</ipxact:value>
					</ipxact:moduleParameter>
					<ipxact:moduleParameter parameterId="uuid_d453a8a0_59dc_43f7_b51e_8cfccf5faf91" usageType="nontyped">
						<ipxact:name>INST_LENGTH</ipxact:name>
						<ipxact:arrays>
							<ipxact:array>
								<ipxact:left></ipxact:left>
								<ipxact:right></ipxact:right>
							</ipxact:array>
						</ipxact:arrays>
						<ipxact:value>4</ipxact:value>
					</ipxact:moduleParameter>
					<ipxact:moduleParameter parameterId="uuid_73006d73_1b5a_4cbd_a0b7_b3c086e19f63" usageType="nontyped">
						<ipxact:name>INST_RESET</ipxact:name>
						<ipxact:arrays>
							<ipxact:array>
								<ipxact:left></ipxact:left>
								<ipxact:right></ipxact:right>
							</ipxact:array>
						</ipxact:arrays>
						<ipxact:value>4'b1111</ipxact:value>
					</ipxact:moduleParameter>
					<ipxact:moduleParameter parameterId="uuid_00de0d97_1efd_4eee_aa38_5c4b27e9054b" usageType="nontyped">
						<ipxact:name>INST_RETURN</ipxact:name>
						<ipxact:arrays>
							<ipxact:array>
								<ipxact:left></ipxact:left>
								<ipxact:right></ipxact:right>
							</ipxact:array>
						</ipxact:arrays>
						<ipxact:value>4'b1101</ipxact:value>
					</ipxact:moduleParameter>
					<ipxact:moduleParameter parameterId="uuid_6f80b84b_950d_4e99_a2f4_ad518582886e" usageType="nontyped">
						<ipxact:name>NUM_USER</ipxact:name>
						<ipxact:arrays>
							<ipxact:array>
								<ipxact:left></ipxact:left>
								<ipxact:right></ipxact:right>
							</ipxact:array>
						</ipxact:arrays>
						<ipxact:value>2</ipxact:value>
					</ipxact:moduleParameter>
					<ipxact:moduleParameter parameterId="uuid_cd2d0bf0_54cb_4380_a498_e4dfac513e49" usageType="nontyped">
						<ipxact:name>RPC_ADD</ipxact:name>
						<ipxact:arrays>
							<ipxact:array>
								<ipxact:left></ipxact:left>
								<ipxact:right></ipxact:right>
							</ipxact:array>
						</ipxact:arrays>
						<ipxact:value>4'b1001</ipxact:value>
					</ipxact:moduleParameter>
					<ipxact:moduleParameter parameterId="uuid_f90c6504_28d6_434e_b98b_e44435afd3fb" usageType="nontyped">
						<ipxact:name>RPC_DATA</ipxact:name>
						<ipxact:arrays>
							<ipxact:array>
								<ipxact:left></ipxact:left>
								<ipxact:right></ipxact:right>
							</ipxact:array>
						</ipxact:arrays>
						<ipxact:value>4'b1010</ipxact:value>
					</ipxact:moduleParameter>
					<ipxact:moduleParameter parameterId="uuid_3ccbd3f0_9790_46ba_84e8_fcfbec61f3f3" usageType="nontyped">
						<ipxact:name>SAMPLE</ipxact:name>
						<ipxact:arrays>
							<ipxact:array>
								<ipxact:left></ipxact:left>
								<ipxact:right></ipxact:right>
							</ipxact:array>
						</ipxact:arrays>
						<ipxact:value>4'b0001</ipxact:value>
					</ipxact:moduleParameter>
					<ipxact:moduleParameter parameterId="uuid_84116051_9663_4182_b426_709422589789" usageType="nontyped">
						<ipxact:name>USER</ipxact:name>
						<ipxact:arrays>
							<ipxact:array>
								<ipxact:left></ipxact:left>
								<ipxact:right></ipxact:right>
							</ipxact:array>
						</ipxact:arrays>
						<ipxact:value>8'b1010_1001</ipxact:value>
					</ipxact:moduleParameter>
				</ipxact:moduleParameters>
				<ipxact:fileSetRef>
					<ipxact:localName>../verilog</ipxact:localName>
				</ipxact:fileSetRef>
			</ipxact:componentInstantiation>
		</ipxact:instantiations>
		<ipxact:ports>
			<ipxact:port>
				<ipxact:name>tclk_pad_in</ipxact:name>
				<ipxact:wire>
					<ipxact:direction>in</ipxact:direction>
					<ipxact:vectors>
						<ipxact:vector>
							<ipxact:left></ipxact:left>
							<ipxact:right></ipxact:right>
						</ipxact:vector>
					</ipxact:vectors>
					<ipxact:wireTypeDefs>
						<ipxact:wireTypeDef>
							<ipxact:typeName>wire</ipxact:typeName>
							<ipxact:typeDefinition></ipxact:typeDefinition>
						</ipxact:wireTypeDef>
					</ipxact:wireTypeDefs>
				</ipxact:wire>
			</ipxact:port>
			<ipxact:port>
				<ipxact:name>tms_pad_in</ipxact:name>
				<ipxact:wire>
					<ipxact:direction>in</ipxact:direction>
					<ipxact:vectors>
						<ipxact:vector>
							<ipxact:left></ipxact:left>
							<ipxact:right></ipxact:right>
						</ipxact:vector>
					</ipxact:vectors>
					<ipxact:wireTypeDefs>
						<ipxact:wireTypeDef>
							<ipxact:typeName>wire</ipxact:typeName>
							<ipxact:typeDefinition></ipxact:typeDefinition>
						</ipxact:wireTypeDef>
					</ipxact:wireTypeDefs>
				</ipxact:wire>
			</ipxact:port>
			<ipxact:port>
				<ipxact:name>trst_n_pad_in</ipxact:name>
				<ipxact:wire>
					<ipxact:direction>in</ipxact:direction>
					<ipxact:vectors>
						<ipxact:vector>
							<ipxact:left></ipxact:left>
							<ipxact:right></ipxact:right>
						</ipxact:vector>
					</ipxact:vectors>
					<ipxact:wireTypeDefs>
						<ipxact:wireTypeDef>
							<ipxact:typeName>wire</ipxact:typeName>
							<ipxact:typeDefinition></ipxact:typeDefinition>
						</ipxact:wireTypeDef>
					</ipxact:wireTypeDefs>
				</ipxact:wire>
			</ipxact:port>
			<ipxact:port>
				<ipxact:name>tdi_pad_in</ipxact:name>
				<ipxact:wire>
					<ipxact:direction>in</ipxact:direction>
					<ipxact:vectors>
						<ipxact:vector>
							<ipxact:left></ipxact:left>
							<ipxact:right></ipxact:right>
						</ipxact:vector>
					</ipxact:vectors>
					<ipxact:wireTypeDefs>
						<ipxact:wireTypeDef>
							<ipxact:typeName>wire</ipxact:typeName>
							<ipxact:typeDefinition></ipxact:typeDefinition>
						</ipxact:wireTypeDef>
					</ipxact:wireTypeDefs>
				</ipxact:wire>
			</ipxact:port>
			<ipxact:port>
				<ipxact:name>tdo_pad_oe</ipxact:name>
				<ipxact:wire>
					<ipxact:direction>out</ipxact:direction>
					<ipxact:vectors>
						<ipxact:vector>
							<ipxact:left></ipxact:left>
							<ipxact:right></ipxact:right>
						</ipxact:vector>
					</ipxact:vectors>
					<ipxact:wireTypeDefs>
						<ipxact:wireTypeDef>
							<ipxact:typeName>wire</ipxact:typeName>
							<ipxact:typeDefinition></ipxact:typeDefinition>
						</ipxact:wireTypeDef>
					</ipxact:wireTypeDefs>
				</ipxact:wire>
			</ipxact:port>
			<ipxact:port>
				<ipxact:name>tdo_pad_out</ipxact:name>
				<ipxact:wire>
					<ipxact:direction>out</ipxact:direction>
					<ipxact:vectors>
						<ipxact:vector>
							<ipxact:left></ipxact:left>
							<ipxact:right></ipxact:right>
						</ipxact:vector>
					</ipxact:vectors>
					<ipxact:wireTypeDefs>
						<ipxact:wireTypeDef>
							<ipxact:typeName>wire</ipxact:typeName>
							<ipxact:typeDefinition></ipxact:typeDefinition>
						</ipxact:wireTypeDef>
					</ipxact:wireTypeDefs>
				</ipxact:wire>
			</ipxact:port>
			<ipxact:port>
				<ipxact:name>tap_highz_mode</ipxact:name>
				<ipxact:wire>
					<ipxact:direction>out</ipxact:direction>
					<ipxact:vectors>
						<ipxact:vector>
							<ipxact:left></ipxact:left>
							<ipxact:right></ipxact:right>
						</ipxact:vector>
					</ipxact:vectors>
					<ipxact:wireTypeDefs>
						<ipxact:wireTypeDef>
							<ipxact:typeName>reg</ipxact:typeName>
							<ipxact:typeDefinition></ipxact:typeDefinition>
						</ipxact:wireTypeDef>
					</ipxact:wireTypeDefs>
				</ipxact:wire>
			</ipxact:port>
			<ipxact:port>
				<ipxact:name>bsr_tdo_i</ipxact:name>
				<ipxact:wire>
					<ipxact:direction>in</ipxact:direction>
					<ipxact:vectors>
						<ipxact:vector>
							<ipxact:left></ipxact:left>
							<ipxact:right></ipxact:right>
						</ipxact:vector>
					</ipxact:vectors>
					<ipxact:wireTypeDefs>
						<ipxact:wireTypeDef>
							<ipxact:typeName>wire</ipxact:typeName>
							<ipxact:typeDefinition></ipxact:typeDefinition>
						</ipxact:wireTypeDef>
					</ipxact:wireTypeDefs>
				</ipxact:wire>
			</ipxact:port>
			<ipxact:port>
				<ipxact:name>bsr_output_mode</ipxact:name>
				<ipxact:wire>
					<ipxact:direction>out</ipxact:direction>
					<ipxact:vectors>
						<ipxact:vector>
							<ipxact:left></ipxact:left>
							<ipxact:right></ipxact:right>
						</ipxact:vector>
					</ipxact:vectors>
					<ipxact:wireTypeDefs>
						<ipxact:wireTypeDef>
							<ipxact:typeName>reg</ipxact:typeName>
							<ipxact:typeDefinition></ipxact:typeDefinition>
						</ipxact:wireTypeDef>
					</ipxact:wireTypeDefs>
				</ipxact:wire>
			</ipxact:port>
			<ipxact:port>
				<ipxact:name>tdo_i</ipxact:name>
				<ipxact:wire>
					<ipxact:direction>in</ipxact:direction>
					<ipxact:vectors>
						<ipxact:vector>
							<ipxact:left></ipxact:left>
							<ipxact:right></ipxact:right>
						</ipxact:vector>
					</ipxact:vectors>
					<ipxact:wireTypeDefs>
						<ipxact:wireTypeDef>
							<ipxact:typeName>wire</ipxact:typeName>
							<ipxact:typeDefinition></ipxact:typeDefinition>
						</ipxact:wireTypeDef>
					</ipxact:wireTypeDefs>
				</ipxact:wire>
			</ipxact:port>
			<ipxact:port>
				<ipxact:name>select_o</ipxact:name>
				<ipxact:wire>
					<ipxact:direction>out</ipxact:direction>
					<ipxact:vectors>
						<ipxact:vector>
							<ipxact:left></ipxact:left>
							<ipxact:right></ipxact:right>
						</ipxact:vector>
					</ipxact:vectors>
					<ipxact:wireTypeDefs>
						<ipxact:wireTypeDef>
							<ipxact:typeName>wire</ipxact:typeName>
							<ipxact:typeDefinition></ipxact:typeDefinition>
						</ipxact:wireTypeDef>
					</ipxact:wireTypeDefs>
				</ipxact:wire>
			</ipxact:port>
			<ipxact:port>
				<ipxact:name>chip_id_tdo</ipxact:name>
				<ipxact:wire>
					<ipxact:direction>in</ipxact:direction>
					<ipxact:vectors>
						<ipxact:vector>
							<ipxact:left></ipxact:left>
							<ipxact:right></ipxact:right>
						</ipxact:vector>
					</ipxact:vectors>
					<ipxact:wireTypeDefs>
						<ipxact:wireTypeDef>
							<ipxact:typeName>wire</ipxact:typeName>
							<ipxact:typeDefinition></ipxact:typeDefinition>
						</ipxact:wireTypeDef>
					</ipxact:wireTypeDefs>
				</ipxact:wire>
			</ipxact:port>
			<ipxact:port>
				<ipxact:name>chip_id_select</ipxact:name>
				<ipxact:wire>
					<ipxact:direction>in</ipxact:direction>
					<ipxact:vectors>
						<ipxact:vector>
							<ipxact:left></ipxact:left>
							<ipxact:right></ipxact:right>
						</ipxact:vector>
					</ipxact:vectors>
					<ipxact:wireTypeDefs>
						<ipxact:wireTypeDef>
							<ipxact:typeName>wire</ipxact:typeName>
							<ipxact:typeDefinition></ipxact:typeDefinition>
						</ipxact:wireTypeDef>
					</ipxact:wireTypeDefs>
				</ipxact:wire>
			</ipxact:port>
			<ipxact:port>
				<ipxact:name>capture_dr_o</ipxact:name>
				<ipxact:wire>
					<ipxact:direction>out</ipxact:direction>
					<ipxact:vectors>
						<ipxact:vector>
							<ipxact:left></ipxact:left>
							<ipxact:right></ipxact:right>
						</ipxact:vector>
					</ipxact:vectors>
					<ipxact:wireTypeDefs>
						<ipxact:wireTypeDef>
							<ipxact:typeName>reg</ipxact:typeName>
							<ipxact:typeDefinition></ipxact:typeDefinition>
						</ipxact:wireTypeDef>
					</ipxact:wireTypeDefs>
				</ipxact:wire>
			</ipxact:port>
			<ipxact:port>
				<ipxact:name>shift_dr_o</ipxact:name>
				<ipxact:wire>
					<ipxact:direction>out</ipxact:direction>
					<ipxact:vectors>
						<ipxact:vector>
							<ipxact:left></ipxact:left>
							<ipxact:right></ipxact:right>
						</ipxact:vector>
					</ipxact:vectors>
					<ipxact:wireTypeDefs>
						<ipxact:wireTypeDef>
							<ipxact:typeName>reg</ipxact:typeName>
							<ipxact:typeDefinition></ipxact:typeDefinition>
						</ipxact:wireTypeDef>
					</ipxact:wireTypeDefs>
				</ipxact:wire>
			</ipxact:port>
			<ipxact:port>
				<ipxact:name>test_logic_reset_o</ipxact:name>
				<ipxact:wire>
					<ipxact:direction>out</ipxact:direction>
					<ipxact:vectors>
						<ipxact:vector>
							<ipxact:left></ipxact:left>
							<ipxact:right></ipxact:right>
						</ipxact:vector>
					</ipxact:vectors>
					<ipxact:wireTypeDefs>
						<ipxact:wireTypeDef>
							<ipxact:typeName>reg</ipxact:typeName>
							<ipxact:typeDefinition></ipxact:typeDefinition>
						</ipxact:wireTypeDef>
					</ipxact:wireTypeDefs>
				</ipxact:wire>
			</ipxact:port>
			<ipxact:port>
				<ipxact:name>update_dr_o</ipxact:name>
				<ipxact:wire>
					<ipxact:direction>out</ipxact:direction>
					<ipxact:vectors>
						<ipxact:vector>
							<ipxact:left></ipxact:left>
							<ipxact:right></ipxact:right>
						</ipxact:vector>
					</ipxact:vectors>
					<ipxact:wireTypeDefs>
						<ipxact:wireTypeDef>
							<ipxact:typeName>reg</ipxact:typeName>
							<ipxact:typeDefinition></ipxact:typeDefinition>
						</ipxact:wireTypeDef>
					</ipxact:wireTypeDefs>
				</ipxact:wire>
			</ipxact:port>
			<ipxact:port>
				<ipxact:name>jtag_clk</ipxact:name>
				<ipxact:wire>
					<ipxact:direction>out</ipxact:direction>
					<ipxact:vectors>
						<ipxact:vector>
							<ipxact:left></ipxact:left>
							<ipxact:right></ipxact:right>
						</ipxact:vector>
					</ipxact:vectors>
					<ipxact:wireTypeDefs>
						<ipxact:wireTypeDef>
							<ipxact:typeName>wire</ipxact:typeName>
							<ipxact:typeDefinition></ipxact:typeDefinition>
						</ipxact:wireTypeDef>
					</ipxact:wireTypeDefs>
				</ipxact:wire>
			</ipxact:port>
			<ipxact:port>
				<ipxact:name>tdi_o</ipxact:name>
				<ipxact:wire>
					<ipxact:direction>out</ipxact:direction>
					<ipxact:vectors>
						<ipxact:vector>
							<ipxact:left></ipxact:left>
							<ipxact:right></ipxact:right>
						</ipxact:vector>
					</ipxact:vectors>
					<ipxact:wireTypeDefs>
						<ipxact:wireTypeDef>
							<ipxact:typeName>wire</ipxact:typeName>
							<ipxact:typeDefinition></ipxact:typeDefinition>
						</ipxact:wireTypeDef>
					</ipxact:wireTypeDefs>
				</ipxact:wire>
			</ipxact:port>
			<ipxact:port>
				<ipxact:name>aux_tdo_i</ipxact:name>
				<ipxact:wire>
					<ipxact:direction>in</ipxact:direction>
					<ipxact:vectors>
						<ipxact:vector>
							<ipxact:left></ipxact:left>
							<ipxact:right></ipxact:right>
						</ipxact:vector>
					</ipxact:vectors>
					<ipxact:wireTypeDefs>
						<ipxact:wireTypeDef>
							<ipxact:typeName>wire</ipxact:typeName>
							<ipxact:typeDefinition></ipxact:typeDefinition>
						</ipxact:wireTypeDef>
					</ipxact:wireTypeDefs>
				</ipxact:wire>
			</ipxact:port>
			<ipxact:port>
				<ipxact:name>aux_select_o</ipxact:name>
				<ipxact:wire>
					<ipxact:direction>out</ipxact:direction>
					<ipxact:vectors>
						<ipxact:vector>
							<ipxact:left></ipxact:left>
							<ipxact:right></ipxact:right>
						</ipxact:vector>
					</ipxact:vectors>
					<ipxact:wireTypeDefs>
						<ipxact:wireTypeDef>
							<ipxact:typeName>wire</ipxact:typeName>
							<ipxact:typeDefinition></ipxact:typeDefinition>
						</ipxact:wireTypeDef>
					</ipxact:wireTypeDefs>
				</ipxact:wire>
			</ipxact:port>
			<ipxact:port>
				<ipxact:name>aux_capture_dr_o</ipxact:name>
				<ipxact:wire>
					<ipxact:direction>out</ipxact:direction>
					<ipxact:vectors>
						<ipxact:vector>
							<ipxact:left></ipxact:left>
							<ipxact:right></ipxact:right>
						</ipxact:vector>
					</ipxact:vectors>
					<ipxact:wireTypeDefs>
						<ipxact:wireTypeDef>
							<ipxact:typeName>wire</ipxact:typeName>
							<ipxact:typeDefinition></ipxact:typeDefinition>
						</ipxact:wireTypeDef>
					</ipxact:wireTypeDefs>
				</ipxact:wire>
			</ipxact:port>
			<ipxact:port>
				<ipxact:name>aux_shift_dr_o</ipxact:name>
				<ipxact:wire>
					<ipxact:direction>out</ipxact:direction>
					<ipxact:vectors>
						<ipxact:vector>
							<ipxact:left></ipxact:left>
							<ipxact:right></ipxact:right>
						</ipxact:vector>
					</ipxact:vectors>
					<ipxact:wireTypeDefs>
						<ipxact:wireTypeDef>
							<ipxact:typeName>wire</ipxact:typeName>
							<ipxact:typeDefinition></ipxact:typeDefinition>
						</ipxact:wireTypeDef>
					</ipxact:wireTypeDefs>
				</ipxact:wire>
			</ipxact:port>
			<ipxact:port>
				<ipxact:name>aux_tdi_o</ipxact:name>
				<ipxact:wire>
					<ipxact:direction>out</ipxact:direction>
					<ipxact:vectors>
						<ipxact:vector>
							<ipxact:left></ipxact:left>
							<ipxact:right></ipxact:right>
						</ipxact:vector>
					</ipxact:vectors>
					<ipxact:wireTypeDefs>
						<ipxact:wireTypeDef>
							<ipxact:typeName>wire</ipxact:typeName>
							<ipxact:typeDefinition></ipxact:typeDefinition>
						</ipxact:wireTypeDef>
					</ipxact:wireTypeDefs>
				</ipxact:wire>
			</ipxact:port>
			<ipxact:port>
				<ipxact:name>aux_test_logic_reset_o</ipxact:name>
				<ipxact:wire>
					<ipxact:direction>out</ipxact:direction>
					<ipxact:vectors>
						<ipxact:vector>
							<ipxact:left></ipxact:left>
							<ipxact:right></ipxact:right>
						</ipxact:vector>
					</ipxact:vectors>
					<ipxact:wireTypeDefs>
						<ipxact:wireTypeDef>
							<ipxact:typeName>wire</ipxact:typeName>
							<ipxact:typeDefinition></ipxact:typeDefinition>
						</ipxact:wireTypeDef>
					</ipxact:wireTypeDefs>
				</ipxact:wire>
			</ipxact:port>
		</ipxact:ports>
	</ipxact:model>
	<ipxact:fileSets>
		<ipxact:fileSet>
			<ipxact:name>../verilog</ipxact:name>
			<ipxact:file>
				<ipxact:name>../verilog/jtag_rpc_in_reg.v</ipxact:name>
				<ipxact:fileType>verilogSource</ipxact:fileType>
				<ipxact:vendorExtensions>
					<kactus2:hash>6f789688a34d4f4a91268d7980f51b3f4726b71b</kactus2:hash>
				</ipxact:vendorExtensions>
			</ipxact:file>
			<ipxact:file>
				<ipxact:name>../verilog/jtag_rpc_reg.v</ipxact:name>
				<ipxact:fileType>verilogSource</ipxact:fileType>
				<ipxact:vendorExtensions>
					<kactus2:hash>3f823001dce02dd389b0e385f0c26dfea839c895</kactus2:hash>
				</ipxact:vendorExtensions>
			</ipxact:file>
			<ipxact:file>
				<ipxact:name>../verilog/jtag_tap_core.v</ipxact:name>
				<ipxact:fileType>verilogSource</ipxact:fileType>
				<ipxact:vendorExtensions>
					<kactus2:hash>550d65dc86ce8397b2ab236bd88d6071a2340a95</kactus2:hash>
				</ipxact:vendorExtensions>
			</ipxact:file>
		</ipxact:fileSet>
	</ipxact:fileSets>
	<ipxact:description>jtag_tap_core</ipxact:description>
	<ipxact:vendorExtensions>
		<kactus2:version>3,1,2,0</kactus2:version>
		<kactus2:kts_attributes>
			<kactus2:kts_productHier>Flat</kactus2:kts_productHier>
			<kactus2:kts_implementation>HW</kactus2:kts_implementation>
			<kactus2:kts_firmness>Mutable</kactus2:kts_firmness>
		</kactus2:kts_attributes>
	</ipxact:vendorExtensions>
</ipxact:component>
