<?xml version="1.0" encoding="UTF-8"?>
<ipxact:component xmlns:xsi="http://www.w3.org/2001/XMLSchema-instance" xmlns:ipxact="http://www.accellera.org/XMLSchema/IPXACT/1685-2014" xmlns:kactus2="http://kactus2.cs.tut.fi" xsi:schemaLocation="http://www.accellera.org/XMLSchema/IPXACT/1685-2014/ http://www.accellera.org/XMLSchema/IPXACT/1685-2014/index.xsd">
	<ipxact:vendor>fusesoc</ipxact:vendor>
	<ipxact:library>socgen_CDE</ipxact:library>
	<ipxact:name>jtag</ipxact:name>
	<ipxact:version>rpc_reg</ipxact:version>
	<ipxact:busInterfaces>
		<ipxact:busInterface>
			<ipxact:name>jtag</ipxact:name>
			<ipxact:busType vendor="fusesoc" library="socgen_CDE" name="jtag" version="bus"/>
			<ipxact:abstractionTypes>
				<ipxact:abstractionType>
					<ipxact:abstractionRef vendor="fusesoc" library="socgen_CDE" name="jtag.absDef" version="bus"/>
					<ipxact:portMaps>
						<ipxact:portMap>
							<ipxact:logicalPort>
								<ipxact:name>update_dr</ipxact:name>
							</ipxact:logicalPort>
							<ipxact:physicalPort>
								<ipxact:name>update_dr</ipxact:name>
							</ipxact:physicalPort>
						</ipxact:portMap>
						<ipxact:portMap>
							<ipxact:logicalPort>
								<ipxact:name>test_logic_reset</ipxact:name>
							</ipxact:logicalPort>
							<ipxact:physicalPort>
								<ipxact:name>reset</ipxact:name>
							</ipxact:physicalPort>
						</ipxact:portMap>
						<ipxact:portMap>
							<ipxact:logicalPort>
								<ipxact:name>tdo</ipxact:name>
							</ipxact:logicalPort>
							<ipxact:physicalPort>
								<ipxact:name>tdo</ipxact:name>
							</ipxact:physicalPort>
						</ipxact:portMap>
						<ipxact:portMap>
							<ipxact:logicalPort>
								<ipxact:name>tdi</ipxact:name>
							</ipxact:logicalPort>
							<ipxact:physicalPort>
								<ipxact:name>tdi</ipxact:name>
							</ipxact:physicalPort>
						</ipxact:portMap>
						<ipxact:portMap>
							<ipxact:logicalPort>
								<ipxact:name>shift_dr</ipxact:name>
							</ipxact:logicalPort>
							<ipxact:physicalPort>
								<ipxact:name>shift_dr</ipxact:name>
							</ipxact:physicalPort>
						</ipxact:portMap>
						<ipxact:portMap>
							<ipxact:logicalPort>
								<ipxact:name>select</ipxact:name>
							</ipxact:logicalPort>
							<ipxact:physicalPort>
								<ipxact:name>select</ipxact:name>
							</ipxact:physicalPort>
						</ipxact:portMap>
						<ipxact:portMap>
							<ipxact:logicalPort>
								<ipxact:name>capture_dr</ipxact:name>
							</ipxact:logicalPort>
							<ipxact:physicalPort>
								<ipxact:name>capture_dr</ipxact:name>
							</ipxact:physicalPort>
						</ipxact:portMap>
					</ipxact:portMaps>
				</ipxact:abstractionType>
			</ipxact:abstractionTypes>
			<ipxact:slave/>
		</ipxact:busInterface>
		<ipxact:busInterface>
			<ipxact:name>capture</ipxact:name>
			<ipxact:busType vendor="fusesoc" library="socgen_Busdefs" name="adhoc" version="bus"/>
			<ipxact:abstractionTypes>
				<ipxact:abstractionType>
					<ipxact:abstractionRef vendor="fusesoc" library="socgen_Busdefs" name="adhoc.absDef" version="bus"/>
					<ipxact:portMaps>
						<ipxact:portMap>
							<ipxact:logicalPort>
								<ipxact:name>adhoc</ipxact:name>
							</ipxact:logicalPort>
							<ipxact:physicalPort>
								<ipxact:name>capture_value</ipxact:name>
							</ipxact:physicalPort>
						</ipxact:portMap>
					</ipxact:portMaps>
				</ipxact:abstractionType>
			</ipxact:abstractionTypes>
			<ipxact:slave/>
		</ipxact:busInterface>
		<ipxact:busInterface>
			<ipxact:name>update</ipxact:name>
			<ipxact:busType vendor="fusesoc" library="socgen_Busdefs" name="adhoc" version="bus"/>
			<ipxact:abstractionTypes>
				<ipxact:abstractionType>
					<ipxact:abstractionRef vendor="fusesoc" library="socgen_Busdefs" name="adhoc.absDef" version="bus"/>
					<ipxact:portMaps>
						<ipxact:portMap>
							<ipxact:logicalPort>
								<ipxact:name>adhoc</ipxact:name>
							</ipxact:logicalPort>
							<ipxact:physicalPort>
								<ipxact:name>update_value</ipxact:name>
							</ipxact:physicalPort>
						</ipxact:portMap>
					</ipxact:portMaps>
				</ipxact:abstractionType>
			</ipxact:abstractionTypes>
			<ipxact:master/>
		</ipxact:busInterface>
	</ipxact:busInterfaces>
	<ipxact:model>
		<ipxact:views>
			<ipxact:view>
				<ipxact:name>flat</ipxact:name>
				<ipxact:envIdentifier>verilog:Kactus2:</ipxact:envIdentifier>
				<ipxact:componentInstantiationRef>flat_verilog_component</ipxact:componentInstantiationRef>
			</ipxact:view>
		</ipxact:views>
		<ipxact:instantiations>
			<ipxact:componentInstantiation>
				<ipxact:name>flat_verilog_component</ipxact:name>
				<ipxact:language>verilog</ipxact:language>
				<ipxact:moduleName>cde_jtag_rpc_reg</ipxact:moduleName>
				<ipxact:moduleParameters>
					<ipxact:moduleParameter parameterId="uuid_080109fb_77e2_4e26_8a1a_9370d1c819ab" usageCount="2" usageType="nontyped">
						<ipxact:name>BITS</ipxact:name>
						<ipxact:arrays>
							<ipxact:array>
								<ipxact:left></ipxact:left>
								<ipxact:right></ipxact:right>
							</ipxact:array>
						</ipxact:arrays>
						<ipxact:value>16</ipxact:value>
					</ipxact:moduleParameter>
					<ipxact:moduleParameter parameterId="uuid_f9b9f7c7_2336_4790_b64e_588615b6eba1" usageType="nontyped">
						<ipxact:name>RESET_VALUE</ipxact:name>
						<ipxact:arrays>
							<ipxact:array>
								<ipxact:left></ipxact:left>
								<ipxact:right></ipxact:right>
							</ipxact:array>
						</ipxact:arrays>
						<ipxact:value>'h0</ipxact:value>
					</ipxact:moduleParameter>
				</ipxact:moduleParameters>
				<ipxact:fileSetRef>
					<ipxact:localName>../verilog</ipxact:localName>
				</ipxact:fileSetRef>
			</ipxact:componentInstantiation>
		</ipxact:instantiations>
		<ipxact:ports>
			<ipxact:port>
				<ipxact:name>capture_dr</ipxact:name>
				<ipxact:wire>
					<ipxact:direction>in</ipxact:direction>
					<ipxact:vectors>
						<ipxact:vector>
							<ipxact:left></ipxact:left>
							<ipxact:right></ipxact:right>
						</ipxact:vector>
					</ipxact:vectors>
					<ipxact:wireTypeDefs>
						<ipxact:wireTypeDef>
							<ipxact:typeName>wire</ipxact:typeName>
							<ipxact:typeDefinition></ipxact:typeDefinition>
						</ipxact:wireTypeDef>
					</ipxact:wireTypeDefs>
				</ipxact:wire>
			</ipxact:port>
			<ipxact:port>
				<ipxact:name>clk</ipxact:name>
				<ipxact:wire>
					<ipxact:direction>in</ipxact:direction>
					<ipxact:vectors>
						<ipxact:vector>
							<ipxact:left></ipxact:left>
							<ipxact:right></ipxact:right>
						</ipxact:vector>
					</ipxact:vectors>
					<ipxact:wireTypeDefs>
						<ipxact:wireTypeDef>
							<ipxact:typeName>wire</ipxact:typeName>
							<ipxact:typeDefinition></ipxact:typeDefinition>
						</ipxact:wireTypeDef>
					</ipxact:wireTypeDefs>
				</ipxact:wire>
			</ipxact:port>
			<ipxact:port>
				<ipxact:name>reset</ipxact:name>
				<ipxact:wire>
					<ipxact:direction>in</ipxact:direction>
					<ipxact:vectors>
						<ipxact:vector>
							<ipxact:left></ipxact:left>
							<ipxact:right></ipxact:right>
						</ipxact:vector>
					</ipxact:vectors>
					<ipxact:wireTypeDefs>
						<ipxact:wireTypeDef>
							<ipxact:typeName>wire</ipxact:typeName>
							<ipxact:typeDefinition></ipxact:typeDefinition>
						</ipxact:wireTypeDef>
					</ipxact:wireTypeDefs>
				</ipxact:wire>
			</ipxact:port>
			<ipxact:port>
				<ipxact:name>select</ipxact:name>
				<ipxact:wire>
					<ipxact:direction>in</ipxact:direction>
					<ipxact:vectors>
						<ipxact:vector>
							<ipxact:left></ipxact:left>
							<ipxact:right></ipxact:right>
						</ipxact:vector>
					</ipxact:vectors>
					<ipxact:wireTypeDefs>
						<ipxact:wireTypeDef>
							<ipxact:typeName>wire</ipxact:typeName>
							<ipxact:typeDefinition></ipxact:typeDefinition>
						</ipxact:wireTypeDef>
					</ipxact:wireTypeDefs>
				</ipxact:wire>
			</ipxact:port>
			<ipxact:port>
				<ipxact:name>shift_dr</ipxact:name>
				<ipxact:wire>
					<ipxact:direction>in</ipxact:direction>
					<ipxact:vectors>
						<ipxact:vector>
							<ipxact:left></ipxact:left>
							<ipxact:right></ipxact:right>
						</ipxact:vector>
					</ipxact:vectors>
					<ipxact:wireTypeDefs>
						<ipxact:wireTypeDef>
							<ipxact:typeName>wire</ipxact:typeName>
							<ipxact:typeDefinition></ipxact:typeDefinition>
						</ipxact:wireTypeDef>
					</ipxact:wireTypeDefs>
				</ipxact:wire>
			</ipxact:port>
			<ipxact:port>
				<ipxact:name>tdi</ipxact:name>
				<ipxact:wire>
					<ipxact:direction>in</ipxact:direction>
					<ipxact:vectors>
						<ipxact:vector>
							<ipxact:left></ipxact:left>
							<ipxact:right></ipxact:right>
						</ipxact:vector>
					</ipxact:vectors>
					<ipxact:wireTypeDefs>
						<ipxact:wireTypeDef>
							<ipxact:typeName>wire</ipxact:typeName>
							<ipxact:typeDefinition></ipxact:typeDefinition>
						</ipxact:wireTypeDef>
					</ipxact:wireTypeDefs>
				</ipxact:wire>
			</ipxact:port>
			<ipxact:port>
				<ipxact:name>update_dr</ipxact:name>
				<ipxact:wire>
					<ipxact:direction>in</ipxact:direction>
					<ipxact:vectors>
						<ipxact:vector>
							<ipxact:left></ipxact:left>
							<ipxact:right></ipxact:right>
						</ipxact:vector>
					</ipxact:vectors>
					<ipxact:wireTypeDefs>
						<ipxact:wireTypeDef>
							<ipxact:typeName>wire</ipxact:typeName>
							<ipxact:typeDefinition></ipxact:typeDefinition>
						</ipxact:wireTypeDef>
					</ipxact:wireTypeDefs>
				</ipxact:wire>
			</ipxact:port>
			<ipxact:port>
				<ipxact:name>capture_value</ipxact:name>
				<ipxact:wire>
					<ipxact:direction>in</ipxact:direction>
					<ipxact:vectors>
						<ipxact:vector>
							<ipxact:left> uuid_080109fb_77e2_4e26_8a1a_9370d1c819ab-1</ipxact:left>
							<ipxact:right>0</ipxact:right>
						</ipxact:vector>
					</ipxact:vectors>
					<ipxact:wireTypeDefs>
						<ipxact:wireTypeDef>
							<ipxact:typeName>wire</ipxact:typeName>
							<ipxact:typeDefinition></ipxact:typeDefinition>
						</ipxact:wireTypeDef>
					</ipxact:wireTypeDefs>
				</ipxact:wire>
			</ipxact:port>
			<ipxact:port>
				<ipxact:name>update_value</ipxact:name>
				<ipxact:wire>
					<ipxact:direction>out</ipxact:direction>
					<ipxact:vectors>
						<ipxact:vector>
							<ipxact:left> uuid_080109fb_77e2_4e26_8a1a_9370d1c819ab-1</ipxact:left>
							<ipxact:right>0</ipxact:right>
						</ipxact:vector>
					</ipxact:vectors>
					<ipxact:wireTypeDefs>
						<ipxact:wireTypeDef>
							<ipxact:typeName>reg</ipxact:typeName>
							<ipxact:typeDefinition></ipxact:typeDefinition>
						</ipxact:wireTypeDef>
					</ipxact:wireTypeDefs>
				</ipxact:wire>
			</ipxact:port>
			<ipxact:port>
				<ipxact:name>tdo</ipxact:name>
				<ipxact:wire>
					<ipxact:direction>out</ipxact:direction>
					<ipxact:vectors>
						<ipxact:vector>
							<ipxact:left></ipxact:left>
							<ipxact:right></ipxact:right>
						</ipxact:vector>
					</ipxact:vectors>
					<ipxact:wireTypeDefs>
						<ipxact:wireTypeDef>
							<ipxact:typeName>wire</ipxact:typeName>
							<ipxact:typeDefinition></ipxact:typeDefinition>
						</ipxact:wireTypeDef>
					</ipxact:wireTypeDefs>
				</ipxact:wire>
			</ipxact:port>
		</ipxact:ports>
	</ipxact:model>
	<ipxact:fileSets>
		<ipxact:fileSet>
			<ipxact:name>../verilog</ipxact:name>
			<ipxact:file>
				<ipxact:name>../verilog/jtag_rpc_in_reg.v</ipxact:name>
				<ipxact:fileType>verilogSource</ipxact:fileType>
				<ipxact:vendorExtensions>
					<kactus2:hash>6f789688a34d4f4a91268d7980f51b3f4726b71b</kactus2:hash>
				</ipxact:vendorExtensions>
			</ipxact:file>
			<ipxact:file>
				<ipxact:name>../verilog/jtag_rpc_reg.v</ipxact:name>
				<ipxact:fileType>verilogSource</ipxact:fileType>
				<ipxact:vendorExtensions>
					<kactus2:hash>3f823001dce02dd389b0e385f0c26dfea839c895</kactus2:hash>
				</ipxact:vendorExtensions>
			</ipxact:file>
			<ipxact:file>
				<ipxact:name>../verilog/jtag_tap_core.v</ipxact:name>
				<ipxact:fileType>verilogSource</ipxact:fileType>
				<ipxact:vendorExtensions>
					<kactus2:hash>7f6d416f2a81d8299ba4c69db3dc9e491d98569d</kactus2:hash>
				</ipxact:vendorExtensions>
			</ipxact:file>
		</ipxact:fileSet>
	</ipxact:fileSets>
	<ipxact:vendorExtensions>
		<kactus2:version>3,1,2,0</kactus2:version>
		<kactus2:kts_attributes>
			<kactus2:kts_productHier>Flat</kactus2:kts_productHier>
			<kactus2:kts_implementation>HW</kactus2:kts_implementation>
			<kactus2:kts_firmness>Mutable</kactus2:kts_firmness>
		</kactus2:kts_attributes>
	</ipxact:vendorExtensions>
</ipxact:component>
