<?xml version="1.0" encoding="UTF-8"?>
<ipxact:design xmlns:xsi="http://www.w3.org/2001/XMLSchema-instance" xmlns:ipxact="http://www.accellera.org/XMLSchema/IPXACT/1685-2014" xmlns:kactus2="http://kactus2.cs.tut.fi" xsi:schemaLocation="http://www.accellera.org/XMLSchema/IPXACT/1685-2014/ http://www.accellera.org/XMLSchema/IPXACT/1685-2014/index.xsd">
	<ipxact:vendor>fusesoc</ipxact:vendor>
	<ipxact:library>socgen_CDE</ipxact:library>
	<ipxact:name>jtag</ipxact:name>
	<ipxact:version>design.tap_tb</ipxact:version>
	<ipxact:componentInstances>
		<ipxact:componentInstance>
			<ipxact:instanceName>jtag_0</ipxact:instanceName>
			<ipxact:componentRef vendor="fusesoc" library="socgen_CDE" name="jtag" version="tap"/>
			<ipxact:vendorExtensions>
				<kactus2:uuid>{8317c5f6-5221-4f0e-a384-59081283f3f9}</kactus2:uuid>
				<kactus2:portPositions>
					<kactus2:portPosition busRef="tclk_pad" x="-110" y="110"/>
					<kactus2:portPosition busRef="tdi_pad" x="-110" y="70"/>
					<kactus2:portPosition busRef="tdo_pad" x="-110" y="90"/>
					<kactus2:portPosition busRef="tms_pad" x="-110" y="50"/>
					<kactus2:portPosition busRef="trst_n_pad" x="-110" y="130"/>
				</kactus2:portPositions>
				<kactus2:position x="750" y="270"/>
			</ipxact:vendorExtensions>
		</ipxact:componentInstance>
		<ipxact:componentInstance>
			<ipxact:instanceName>clock_gen_0</ipxact:instanceName>
			<ipxact:componentRef vendor="fusesoc" library="socgen_BFMs" name="clock_gen" version="def"/>
			<ipxact:vendorExtensions>
				<kactus2:uuid>{6aade635-7718-4110-a24e-dcd43f4b4ade}</kactus2:uuid>
				<kactus2:portPositions>
					<kactus2:portPosition busRef="BAD" x="110" y="70"/>
					<kactus2:portPosition busRef="FAIL" x="110" y="90"/>
					<kactus2:portPosition busRef="FINISH" x="110" y="110"/>
					<kactus2:portPosition busRef="START" x="-110" y="130"/>
					<kactus2:portPosition busRef="STOP" x="-110" y="90"/>
					<kactus2:portPosition busRef="clk" x="-110" y="70"/>
					<kactus2:portPosition busRef="reset" x="110" y="40"/>
				</kactus2:portPositions>
				<kactus2:position x="750" y="450"/>
			</ipxact:vendorExtensions>
		</ipxact:componentInstance>
		<ipxact:componentInstance>
			<ipxact:instanceName>jtag_model_0</ipxact:instanceName>
			<ipxact:componentRef vendor="fusesoc" library="socgen_BFMs" name="jtag_model" version="def"/>
			<ipxact:vendorExtensions>
				<kactus2:uuid>{d023ca81-c01b-4782-abc9-5a3b027d9378}</kactus2:uuid>
				<kactus2:portPositions>
					<kactus2:portPosition busRef="clk" x="-110" y="90"/>
					<kactus2:portPosition busRef="reset" x="-110" y="150"/>
					<kactus2:portPosition busRef="tclk" x="110" y="120"/>
					<kactus2:portPosition busRef="tdi" x="110" y="70"/>
					<kactus2:portPosition busRef="tdo" x="110" y="90"/>
					<kactus2:portPosition busRef="tms" x="110" y="40"/>
					<kactus2:portPosition busRef="trst_n" x="110" y="160"/>
				</kactus2:portPositions>
				<kactus2:position x="340" y="60"/>
			</ipxact:vendorExtensions>
		</ipxact:componentInstance>
	</ipxact:componentInstances>
	<ipxact:interconnections>
		<ipxact:interconnection>
			<ipxact:name>jtag_0_tms_pad_to_jtag_model_0_tms</ipxact:name>
			<ipxact:activeInterface componentRef="jtag_0" busRef="tms_pad"/>
			<ipxact:activeInterface componentRef="jtag_model_0" busRef="tms"/>
		</ipxact:interconnection>
		<ipxact:interconnection>
			<ipxact:name>jtag_0_tdi_pad_to_jtag_model_0_tdi</ipxact:name>
			<ipxact:activeInterface componentRef="jtag_0" busRef="tdi_pad"/>
			<ipxact:activeInterface componentRef="jtag_model_0" busRef="tdi"/>
		</ipxact:interconnection>
		<ipxact:interconnection>
			<ipxact:name>jtag_0_tdo_pad_to_jtag_model_0_tdo</ipxact:name>
			<ipxact:activeInterface componentRef="jtag_0" busRef="tdo_pad"/>
			<ipxact:activeInterface componentRef="jtag_model_0" busRef="tdo"/>
		</ipxact:interconnection>
		<ipxact:interconnection>
			<ipxact:name>jtag_0_tclk_pad_to_jtag_model_0_tclk</ipxact:name>
			<ipxact:activeInterface componentRef="jtag_0" busRef="tclk_pad"/>
			<ipxact:activeInterface componentRef="jtag_model_0" busRef="tclk"/>
		</ipxact:interconnection>
		<ipxact:interconnection>
			<ipxact:name>jtag_0_trst_n_pad_to_jtag_model_0_trst_n</ipxact:name>
			<ipxact:activeInterface componentRef="jtag_0" busRef="trst_n_pad"/>
			<ipxact:activeInterface componentRef="jtag_model_0" busRef="trst_n"/>
		</ipxact:interconnection>
		<ipxact:interconnection>
			<ipxact:name>jtag_model_0_clk_to_clk</ipxact:name>
			<ipxact:activeInterface componentRef="jtag_model_0" busRef="clk"/>
			<ipxact:hierInterface busRef="clk"/>
		</ipxact:interconnection>
		<ipxact:interconnection>
			<ipxact:name>clock_gen_0_clk_to_clk</ipxact:name>
			<ipxact:activeInterface componentRef="clock_gen_0" busRef="clk"/>
			<ipxact:hierInterface busRef="clk"/>
		</ipxact:interconnection>
		<ipxact:interconnection>
			<ipxact:name>clock_gen_0_reset_to_jtag_model_0_reset</ipxact:name>
			<ipxact:activeInterface componentRef="clock_gen_0" busRef="reset"/>
			<ipxact:activeInterface componentRef="jtag_model_0" busRef="reset"/>
		</ipxact:interconnection>
		<ipxact:interconnection>
			<ipxact:name>clock_gen_0_FINISH_to_FINISH</ipxact:name>
			<ipxact:activeInterface componentRef="clock_gen_0" busRef="FINISH"/>
			<ipxact:hierInterface busRef="FINISH"/>
		</ipxact:interconnection>
		<ipxact:interconnection>
			<ipxact:name>clock_gen_0_FAIL_to_FAIL</ipxact:name>
			<ipxact:activeInterface componentRef="clock_gen_0" busRef="FAIL"/>
			<ipxact:hierInterface busRef="FAIL"/>
		</ipxact:interconnection>
		<ipxact:interconnection>
			<ipxact:name>clock_gen_0_START_to_START</ipxact:name>
			<ipxact:activeInterface componentRef="clock_gen_0" busRef="START"/>
			<ipxact:hierInterface busRef="START"/>
		</ipxact:interconnection>
		<ipxact:interconnection>
			<ipxact:name>clock_gen_0_STOP_to_STOP</ipxact:name>
			<ipxact:activeInterface componentRef="clock_gen_0" busRef="STOP"/>
			<ipxact:hierInterface busRef="STOP"/>
		</ipxact:interconnection>
		<ipxact:interconnection>
			<ipxact:name>clock_gen_0_BAD_to_BAD</ipxact:name>
			<ipxact:activeInterface componentRef="clock_gen_0" busRef="BAD"/>
			<ipxact:hierInterface busRef="BAD"/>
		</ipxact:interconnection>
	</ipxact:interconnections>
	<ipxact:vendorExtensions>
		<kactus2:version>3,1,2,0</kactus2:version>
		<kactus2:kts_attributes>
			<kactus2:kts_implementation>HW</kactus2:kts_implementation>
		</kactus2:kts_attributes>
		<kactus2:columnLayout>
			<kactus2:column name="IO" contentType="0" allowedItems="1" minWidth="119" width="119" x="0"/>
			<kactus2:column name="Buses" contentType="1" allowedItems="12" minWidth="319" width="319" x="120"/>
			<kactus2:column name="Components" contentType="2" allowedItems="2" minWidth="319" width="619" x="440"/>
			<kactus2:column name="IO" contentType="0" allowedItems="1" minWidth="119" width="319" x="1060"/>
		</kactus2:columnLayout>
		<kactus2:routes>
			<kactus2:route kactus2:connRef="jtag_0_tms_pad_to_jtag_model_0_tms" kactus2:offPage="false">
				<kactus2:position x="490" y="320"/>
				<kactus2:position x="390" y="320"/>
				<kactus2:position x="390" y="80"/>
				<kactus2:position x="370" y="80"/>
			</kactus2:route>
			<kactus2:route kactus2:connRef="jtag_0_tdi_pad_to_jtag_model_0_tdi" kactus2:offPage="false">
				<kactus2:position x="490" y="340"/>
				<kactus2:position x="390" y="340"/>
				<kactus2:position x="390" y="110"/>
				<kactus2:position x="370" y="110"/>
			</kactus2:route>
			<kactus2:route kactus2:connRef="jtag_0_tdo_pad_to_jtag_model_0_tdo" kactus2:offPage="false">
				<kactus2:position x="490" y="360"/>
				<kactus2:position x="390" y="360"/>
				<kactus2:position x="390" y="130"/>
				<kactus2:position x="370" y="130"/>
			</kactus2:route>
			<kactus2:route kactus2:connRef="jtag_0_tclk_pad_to_jtag_model_0_tclk" kactus2:offPage="false">
				<kactus2:position x="490" y="380"/>
				<kactus2:position x="390" y="380"/>
				<kactus2:position x="390" y="160"/>
				<kactus2:position x="370" y="160"/>
			</kactus2:route>
			<kactus2:route kactus2:connRef="jtag_0_trst_n_pad_to_jtag_model_0_trst_n" kactus2:offPage="false">
				<kactus2:position x="490" y="400"/>
				<kactus2:position x="390" y="400"/>
				<kactus2:position x="390" y="200"/>
				<kactus2:position x="370" y="200"/>
			</kactus2:route>
			<kactus2:route kactus2:connRef="jtag_model_0_clk_to_clk" kactus2:offPage="false">
				<kactus2:position x="230" y="150"/>
				<kactus2:position x="80" y="150"/>
				<kactus2:position x="80" y="360"/>
				<kactus2:position x="60" y="360"/>
			</kactus2:route>
			<kactus2:route kactus2:connRef="clock_gen_0_clk_to_clk" kactus2:offPage="false">
				<kactus2:position x="515" y="520"/>
				<kactus2:position x="80" y="520"/>
				<kactus2:position x="80" y="360"/>
				<kactus2:position x="60" y="360"/>
			</kactus2:route>
			<kactus2:route kactus2:connRef="clock_gen_0_reset_to_jtag_model_0_reset" kactus2:offPage="false">
				<kactus2:position x="860" y="490"/>
				<kactus2:position x="890" y="490"/>
				<kactus2:position x="890" y="200"/>
				<kactus2:position x="610" y="200"/>
				<kactus2:position x="610" y="210"/>
				<kactus2:position x="630" y="210"/>
			</kactus2:route>
			<kactus2:route kactus2:connRef="clock_gen_0_FINISH_to_FINISH" kactus2:offPage="false">
				<kactus2:position x="860" y="560"/>
				<kactus2:position x="1200" y="560"/>
				<kactus2:position x="1200" y="590"/>
				<kactus2:position x="1220" y="590"/>
			</kactus2:route>
			<kactus2:route kactus2:connRef="clock_gen_0_FAIL_to_FAIL" kactus2:offPage="false">
				<kactus2:position x="860" y="540"/>
				<kactus2:position x="1200" y="540"/>
				<kactus2:position x="1200" y="490"/>
				<kactus2:position x="1220" y="490"/>
			</kactus2:route>
			<kactus2:route kactus2:connRef="clock_gen_0_START_to_START" kactus2:offPage="false">
				<kactus2:position x="490" y="580"/>
				<kactus2:position x="60" y="580"/>
			</kactus2:route>
			<kactus2:route kactus2:connRef="clock_gen_0_STOP_to_STOP" kactus2:offPage="false">
				<kactus2:position x="490" y="540"/>
				<kactus2:position x="60" y="540"/>
			</kactus2:route>
			<kactus2:route kactus2:connRef="clock_gen_0_BAD_to_BAD" kactus2:offPage="false">
				<kactus2:position x="710" y="520"/>
				<kactus2:position x="820" y="520"/>
			</kactus2:route>
		</kactus2:routes>
		<kactus2:interfaceGraphics>
			<kactus2:name>clk</kactus2:name>
			<kactus2:position x="60" y="360"/>
			<kactus2:direction x="1" y="0"/>
		</kactus2:interfaceGraphics>
		<kactus2:interfaceGraphics>
			<kactus2:name>FINISH</kactus2:name>
			<kactus2:position x="1220" y="590"/>
			<kactus2:direction x="-1" y="0"/>
		</kactus2:interfaceGraphics>
		<kactus2:interfaceGraphics>
			<kactus2:name>FAIL</kactus2:name>
			<kactus2:position x="1220" y="490"/>
			<kactus2:direction x="-1" y="0"/>
		</kactus2:interfaceGraphics>
		<kactus2:interfaceGraphics>
			<kactus2:name>START</kactus2:name>
			<kactus2:position x="60" y="580"/>
			<kactus2:direction x="1" y="0"/>
		</kactus2:interfaceGraphics>
		<kactus2:adHocVisibilities/>
		<kactus2:interfaceGraphics>
			<kactus2:name>STOP</kactus2:name>
			<kactus2:position x="60" y="540"/>
			<kactus2:direction x="1" y="0"/>
		</kactus2:interfaceGraphics>
		<kactus2:interfaceGraphics>
			<kactus2:name>BAD</kactus2:name>
			<kactus2:position x="1220" y="520"/>
			<kactus2:direction x="-1" y="0"/>
		</kactus2:interfaceGraphics>
	</ipxact:vendorExtensions>
</ipxact:design>
