<?xml version="1.0" encoding="UTF-8"?>
<ipxact:component
    xmlns:xsi="http://www.w3.org/2001/XMLSchema-instance"
    xmlns:ipxact="http://www.accellera.org/XMLSchema/IPXACT/1685-2014"
    xmlns:kactus2="http://kactus2.cs.tut.fi"
    xmlns:socgen="http://opencores.org"
    xsi:schemaLocation="http://www.accellera.org/XMLSchema/IPXACT/1685-2014/ http://www.accellera.org/XMLSchema/IPXACT/1685-2014/index.xsd">
	<ipxact:vendor>fusesoc</ipxact:vendor>
	<ipxact:library>socgen_CDE</ipxact:library>
	<ipxact:name>jtag</ipxact:name>
	<ipxact:version>tap_tb</ipxact:version>
	<ipxact:busInterfaces>
		<ipxact:busInterface>
			<ipxact:name>BAD</ipxact:name>
			<ipxact:busType vendor="fusesoc" library="socgen_Busdefs" name="adhoc" version="bus"/>
			<ipxact:abstractionTypes>
				<ipxact:abstractionType>
					<ipxact:abstractionRef vendor="fusesoc" library="socgen_Busdefs" name="adhoc.absDef" version="bus"/>
					<ipxact:portMaps>
						<ipxact:portMap>
							<ipxact:logicalPort>
								<ipxact:name>adhoc</ipxact:name>
							</ipxact:logicalPort>
							<ipxact:physicalPort>
								<ipxact:name>BAD</ipxact:name>
							</ipxact:physicalPort>
						</ipxact:portMap>
					</ipxact:portMaps>
				</ipxact:abstractionType>
			</ipxact:abstractionTypes>
			<ipxact:slave/>
		</ipxact:busInterface>
		<ipxact:busInterface>
			<ipxact:name>FINISH</ipxact:name>
			<ipxact:busType vendor="fusesoc" library="socgen_Busdefs" name="adhoc" version="bus"/>
			<ipxact:abstractionTypes>
				<ipxact:abstractionType>
					<ipxact:abstractionRef vendor="fusesoc" library="socgen_Busdefs" name="adhoc.absDef" version="bus"/>
					<ipxact:portMaps>
						<ipxact:portMap>
							<ipxact:logicalPort>
								<ipxact:name>adhoc</ipxact:name>
							</ipxact:logicalPort>
							<ipxact:physicalPort>
								<ipxact:name>FINISH</ipxact:name>
							</ipxact:physicalPort>
						</ipxact:portMap>
					</ipxact:portMaps>
				</ipxact:abstractionType>
			</ipxact:abstractionTypes>
			<ipxact:master/>
		</ipxact:busInterface>
		<ipxact:busInterface>
			<ipxact:name>FAIL</ipxact:name>
			<ipxact:busType vendor="fusesoc" library="socgen_Busdefs" name="adhoc" version="bus"/>
			<ipxact:abstractionTypes>
				<ipxact:abstractionType>
					<ipxact:abstractionRef vendor="fusesoc" library="socgen_Busdefs" name="adhoc.absDef" version="bus"/>
					<ipxact:portMaps>
						<ipxact:portMap>
							<ipxact:logicalPort>
								<ipxact:name>adhoc</ipxact:name>
							</ipxact:logicalPort>
							<ipxact:physicalPort>
								<ipxact:name>FAIL</ipxact:name>
							</ipxact:physicalPort>
						</ipxact:portMap>
					</ipxact:portMaps>
				</ipxact:abstractionType>
			</ipxact:abstractionTypes>
			<ipxact:master/>
		</ipxact:busInterface>
		<ipxact:busInterface>
			<ipxact:name>STOP</ipxact:name>
			<ipxact:busType vendor="fusesoc" library="socgen_Busdefs" name="adhoc" version="bus"/>
			<ipxact:abstractionTypes>
				<ipxact:abstractionType>
					<ipxact:abstractionRef vendor="fusesoc" library="socgen_Busdefs" name="adhoc.absDef" version="bus"/>
					<ipxact:portMaps>
						<ipxact:portMap>
							<ipxact:logicalPort>
								<ipxact:name>adhoc</ipxact:name>
							</ipxact:logicalPort>
							<ipxact:physicalPort>
								<ipxact:name>STOP</ipxact:name>
							</ipxact:physicalPort>
						</ipxact:portMap>
					</ipxact:portMaps>
				</ipxact:abstractionType>
			</ipxact:abstractionTypes>
			<ipxact:slave/>
		</ipxact:busInterface>
		<ipxact:busInterface>
			<ipxact:name>clk</ipxact:name>
			<ipxact:busType vendor="fusesoc" library="socgen_Busdefs" name="clk" version="bus"/>
			<ipxact:abstractionTypes>
				<ipxact:abstractionType>
					<ipxact:abstractionRef vendor="fusesoc" library="socgen_Busdefs" name="clk.absDef" version="bus"/>
					<ipxact:portMaps>
						<ipxact:portMap>
							<ipxact:logicalPort>
								<ipxact:name>clk</ipxact:name>
							</ipxact:logicalPort>
							<ipxact:physicalPort>
								<ipxact:name>clk</ipxact:name>
							</ipxact:physicalPort>
						</ipxact:portMap>
					</ipxact:portMaps>
				</ipxact:abstractionType>
			</ipxact:abstractionTypes>
			<ipxact:slave/>
		</ipxact:busInterface>
		<ipxact:busInterface>
			<ipxact:name>START</ipxact:name>
			<ipxact:busType vendor="fusesoc" library="socgen_Busdefs" name="adhoc" version="bus"/>
			<ipxact:abstractionTypes>
				<ipxact:abstractionType>
					<ipxact:abstractionRef vendor="fusesoc" library="socgen_Busdefs" name="adhoc.absDef" version="bus"/>
					<ipxact:portMaps>
						<ipxact:portMap>
							<ipxact:logicalPort>
								<ipxact:name>adhoc</ipxact:name>
							</ipxact:logicalPort>
							<ipxact:physicalPort>
								<ipxact:name>START</ipxact:name>
							</ipxact:physicalPort>
						</ipxact:portMap>
					</ipxact:portMaps>
				</ipxact:abstractionType>
			</ipxact:abstractionTypes>
			<ipxact:slave/>
		</ipxact:busInterface>
	</ipxact:busInterfaces>
	<ipxact:model>
		<ipxact:views>
			<ipxact:view>
				<ipxact:name>structural</ipxact:name>
				<ipxact:designInstantiationRef>jtag.design_tap_tb</ipxact:designInstantiationRef>
			</ipxact:view>
		</ipxact:views>
		<ipxact:instantiations>
			<ipxact:designInstantiation>
				<ipxact:name>jtag.design_tap_tb</ipxact:name>
				<ipxact:displayName>test</ipxact:displayName>
				<ipxact:designRef vendor="fusesoc" library="socgen_CDE" name="jtag" version="design.tap_tb"/>
			</ipxact:designInstantiation>
		</ipxact:instantiations>
		<ipxact:ports>
			<ipxact:port>
				<ipxact:name>clk</ipxact:name>
				<ipxact:wire>
					<ipxact:direction>in</ipxact:direction>
					<ipxact:vectors>
						<ipxact:vector>
							<ipxact:left></ipxact:left>
							<ipxact:right></ipxact:right>
						</ipxact:vector>
					</ipxact:vectors>
					<ipxact:wireTypeDefs>
						<ipxact:wireTypeDef>
							<ipxact:typeDefinition></ipxact:typeDefinition>
						</ipxact:wireTypeDef>
					</ipxact:wireTypeDefs>
				</ipxact:wire>
			</ipxact:port>
			<ipxact:port>
				<ipxact:name>START</ipxact:name>
				<ipxact:wire>
					<ipxact:direction>in</ipxact:direction>
					<ipxact:vectors>
						<ipxact:vector>
							<ipxact:left></ipxact:left>
							<ipxact:right></ipxact:right>
						</ipxact:vector>
					</ipxact:vectors>
				</ipxact:wire>
			</ipxact:port>
			<ipxact:port>
				<ipxact:name>FINISH</ipxact:name>
				<ipxact:wire>
					<ipxact:direction>out</ipxact:direction>
					<ipxact:vectors>
						<ipxact:vector>
							<ipxact:left></ipxact:left>
							<ipxact:right></ipxact:right>
						</ipxact:vector>
					</ipxact:vectors>
				</ipxact:wire>
			</ipxact:port>
			<ipxact:port>
				<ipxact:name>FAIL</ipxact:name>
				<ipxact:wire>
					<ipxact:direction>out</ipxact:direction>
					<ipxact:vectors>
						<ipxact:vector>
							<ipxact:left></ipxact:left>
							<ipxact:right></ipxact:right>
						</ipxact:vector>
					</ipxact:vectors>
				</ipxact:wire>
			</ipxact:port>
			<ipxact:port>
				<ipxact:name>STOP</ipxact:name>
				<ipxact:wire>
					<ipxact:direction>in</ipxact:direction>
					<ipxact:vectors>
						<ipxact:vector>
							<ipxact:left></ipxact:left>
							<ipxact:right></ipxact:right>
						</ipxact:vector>
					</ipxact:vectors>
				</ipxact:wire>
			</ipxact:port>
			<ipxact:port>
				<ipxact:name>BAD</ipxact:name>
				<ipxact:wire>
					<ipxact:direction>in</ipxact:direction>
					<ipxact:vectors>
						<ipxact:vector>
							<ipxact:left></ipxact:left>
							<ipxact:right></ipxact:right>
						</ipxact:vector>
					</ipxact:vectors>
				</ipxact:wire>
			</ipxact:port>
		</ipxact:ports>
	</ipxact:model>
	<ipxact:componentGenerators>
		<ipxact:componentGenerator>
			<ipxact:name>gen_verilogLib_sim</ipxact:name>
			<ipxact:phase>105.0</ipxact:phase>
			<ipxact:parameters>
				<ipxact:parameter parameterId="uuid_6fb8bb80_037e_4e6d_a523_897dec9869e0">
					<ipxact:name>view</ipxact:name>
					<ipxact:value>sim</ipxact:value>
				</ipxact:parameter>
			</ipxact:parameters>
			<ipxact:apiType>none</ipxact:apiType>
			<ipxact:generatorExe>tools/verilog/gen_verilogLib</ipxact:generatorExe>
			<ipxact:vendorExtensions>
				<socgen:envIdentifier>:*Simulation:*</socgen:envIdentifier>
			</ipxact:vendorExtensions>
		</ipxact:componentGenerator>
	</ipxact:componentGenerators>
	<ipxact:vendorExtensions>
		<kactus2:version>3,1,2,0</kactus2:version>
		<kactus2:kts_attributes>
			<kactus2:kts_productHier>IP</kactus2:kts_productHier>
			<kactus2:kts_implementation>HW</kactus2:kts_implementation>
			<kactus2:kts_firmness>Mutable</kactus2:kts_firmness>
		</kactus2:kts_attributes>
	</ipxact:vendorExtensions>
</ipxact:component>
