<?xml version="1.0" encoding="UTF-8"?>
<!--

-->
<socgen:componentConfiguration  
xmlns:ipxact="http://www.accellera.org/XMLSchema/IPXACT/1685-2014"  
xmlns:socgen="http://opencores.org" 
xmlns:xsi="http://www.w3.org/2001/XMLSchema-instance">

<socgen:vendor>fusesoc</socgen:vendor>
<socgen:library>socgen_CDE</socgen:library>
<socgen:component>jtag</socgen:component>

<socgen:ip_name_depth>3</socgen:ip_name_depth>
<socgen:ip_name_vendor_sep>_</socgen:ip_name_vendor_sep>
<socgen:ip_name_library_sep>_</socgen:ip_name_library_sep>
<socgen:ip_name_version_sep>_</socgen:ip_name_version_sep>
<socgen:ip_name_base_macro>VARIANT</socgen:ip_name_base_macro>




<socgen:configurations>  



 <socgen:configuration>
 <socgen:name>default</socgen:name>  
 <socgen:version>tap</socgen:version>  
 <socgen:parameters>
    <socgen:parameter><socgen:name>INST_LENGTH</socgen:name><socgen:value>4</socgen:value></socgen:parameter>    
    <socgen:parameter><socgen:name>INST_RETURN</socgen:name><socgen:value>4'b1101</socgen:value></socgen:parameter>
    <socgen:parameter><socgen:name>EXTEST</socgen:name><socgen:value>4'b0000</socgen:value></socgen:parameter>    
    <socgen:parameter><socgen:name>SAMPLE</socgen:name><socgen:value>4'b0001</socgen:value></socgen:parameter>
    <socgen:parameter><socgen:name>HIGHZ_MODE</socgen:name><socgen:value>4'b0010</socgen:value></socgen:parameter>    
    <socgen:parameter><socgen:name>CHIP_ID_ACCESS</socgen:name><socgen:value>4'b0011</socgen:value></socgen:parameter>
    <socgen:parameter><socgen:name>CLAMP</socgen:name><socgen:value>4'b1000</socgen:value></socgen:parameter>    
    <socgen:parameter><socgen:name>RPC_DATA</socgen:name><socgen:value>4'b1010</socgen:value></socgen:parameter>
    <socgen:parameter><socgen:name>RPC_ADD</socgen:name><socgen:value>4'b1001</socgen:value></socgen:parameter>    
    <socgen:parameter><socgen:name>BYPASS</socgen:name><socgen:value>4'b1111</socgen:value></socgen:parameter>
    <socgen:parameter><socgen:name>CHIP_ID_VAL</socgen:name><socgen:value>32'h12345678</socgen:value></socgen:parameter>    
 </socgen:parameters>
 </socgen:configuration>




</socgen:configurations>  













<socgen:sim>

<socgen:comp_path>jtag/sim</socgen:comp_path>






<socgen:testbenches>  



<socgen:testbench>
<socgen:variant>jtag_tap_tb</socgen:variant>
<socgen:version>tap_tb</socgen:version>  
<socgen:parameters>
    <socgen:parameter><socgen:name>PERIOD</socgen:name><socgen:value>40</socgen:value></socgen:parameter>
    <socgen:parameter><socgen:name>TIMEOUT</socgen:name><socgen:value>100000</socgen:value></socgen:parameter>    
</socgen:parameters>
<socgen:code_coverage>
  <socgen:cover>
  <socgen:name>cde_jtag_tap</socgen:name><socgen:componentInstance>TB.test.dut</socgen:componentInstance>
  </socgen:cover>
</socgen:code_coverage>
<socgen:tools>
  <socgen:tool>icarus</socgen:tool>
</socgen:tools>
</socgen:testbench>





</socgen:testbenches>









<socgen:icarus>





<socgen:test>
<socgen:name>default</socgen:name>
<socgen:variant>jtag_tap_tb</socgen:variant>
<socgen:configuration>default</socgen:configuration>
</socgen:test>







</socgen:icarus>




</socgen:sim>




</socgen:componentConfiguration>  

