<?xml version="1.0" encoding="UTF-8"?>
<ipxact:component xmlns:xsi="http://www.w3.org/2001/XMLSchema-instance" xmlns:ipxact="http://www.accellera.org/XMLSchema/IPXACT/1685-2014" xmlns:kactus2="http://kactus2.cs.tut.fi" xsi:schemaLocation="http://www.accellera.org/XMLSchema/IPXACT/1685-2014/ http://www.accellera.org/XMLSchema/IPXACT/1685-2014/index.xsd">
	<ipxact:vendor>fusesoc</ipxact:vendor>
	<ipxact:library>socgen_CDE</ipxact:library>
	<ipxact:name>sram</ipxact:name>
	<ipxact:version>def</ipxact:version>
	<ipxact:model>
		<ipxact:views>
			<ipxact:view>
				<ipxact:name>rtl</ipxact:name>
			</ipxact:view>
		</ipxact:views>
		<ipxact:ports>
			<ipxact:port>
				<ipxact:name>clk</ipxact:name>
				<ipxact:wire>
					<ipxact:direction>in</ipxact:direction>
					<ipxact:vectors>
						<ipxact:vector>
							<ipxact:left></ipxact:left>
							<ipxact:right></ipxact:right>
						</ipxact:vector>
					</ipxact:vectors>
				</ipxact:wire>
			</ipxact:port>
			<ipxact:port>
				<ipxact:name>cs</ipxact:name>
				<ipxact:wire>
					<ipxact:direction>in</ipxact:direction>
					<ipxact:vectors>
						<ipxact:vector>
							<ipxact:left></ipxact:left>
							<ipxact:right></ipxact:right>
						</ipxact:vector>
					</ipxact:vectors>
				</ipxact:wire>
			</ipxact:port>
			<ipxact:port>
				<ipxact:name>rd</ipxact:name>
				<ipxact:wire>
					<ipxact:direction>in</ipxact:direction>
					<ipxact:vectors>
						<ipxact:vector>
							<ipxact:left></ipxact:left>
							<ipxact:right></ipxact:right>
						</ipxact:vector>
					</ipxact:vectors>
				</ipxact:wire>
			</ipxact:port>
			<ipxact:port>
				<ipxact:name>wr</ipxact:name>
				<ipxact:wire>
					<ipxact:direction>in</ipxact:direction>
					<ipxact:vectors>
						<ipxact:vector>
							<ipxact:left></ipxact:left>
							<ipxact:right></ipxact:right>
						</ipxact:vector>
					</ipxact:vectors>
				</ipxact:wire>
			</ipxact:port>
			<ipxact:port>
				<ipxact:name>addr</ipxact:name>
				<ipxact:wire>
					<ipxact:direction>in</ipxact:direction>
					<ipxact:vectors>
						<ipxact:vector>
							<ipxact:left>9</ipxact:left>
							<ipxact:right>0</ipxact:right>
						</ipxact:vector>
					</ipxact:vectors>
				</ipxact:wire>
			</ipxact:port>
			<ipxact:port>
				<ipxact:name>wdata</ipxact:name>
				<ipxact:wire>
					<ipxact:direction>in</ipxact:direction>
					<ipxact:vectors>
						<ipxact:vector>
							<ipxact:left>7</ipxact:left>
							<ipxact:right>0</ipxact:right>
						</ipxact:vector>
					</ipxact:vectors>
				</ipxact:wire>
			</ipxact:port>
			<ipxact:port>
				<ipxact:name>rdata</ipxact:name>
				<ipxact:wire>
					<ipxact:direction>out</ipxact:direction>
					<ipxact:vectors>
						<ipxact:vector>
							<ipxact:left>7</ipxact:left>
							<ipxact:right>0</ipxact:right>
						</ipxact:vector>
					</ipxact:vectors>
				</ipxact:wire>
			</ipxact:port>
		</ipxact:ports>
	</ipxact:model>
	<ipxact:fileSets>
		<ipxact:fileSet>
			<ipxact:name>../verilog</ipxact:name>
			<ipxact:file>
				<ipxact:name>../verilog/sram_def.v</ipxact:name>
				<ipxact:fileType>verilogSource</ipxact:fileType>
				<ipxact:vendorExtensions>
					<kactus2:hash>c1f74a8e1563facfe3b996435953033109a0ec72</kactus2:hash>
				</ipxact:vendorExtensions>
			</ipxact:file>
		</ipxact:fileSet>
	</ipxact:fileSets>
	<ipxact:description>Sync ram model</ipxact:description>
	<ipxact:parameters>
		<ipxact:parameter parameterId="uuid_d7006580_c58f_4eee_884c_97358880a676">
			<ipxact:name>ADDR</ipxact:name>
			<ipxact:value>10</ipxact:value>
		</ipxact:parameter>
		<ipxact:parameter parameterId="uuid_667b39bb_b8c5_46f4_ac0d_09e6f1ad2fbd">
			<ipxact:name>WIDTH</ipxact:name>
			<ipxact:value>8</ipxact:value>
		</ipxact:parameter>
		<ipxact:parameter parameterId="uuid_119a705c_ff06_47fd_b114_c4ce1cd874f0">
			<ipxact:name>WORDS</ipxact:name>
			<ipxact:value>1024</ipxact:value>
		</ipxact:parameter>
		<ipxact:parameter parameterId="uuid_f2fc3e46_e847_4f96_8a18_80e671a05dd9">
			<ipxact:name>WRITETHRU</ipxact:name>
			<ipxact:value>0</ipxact:value>
		</ipxact:parameter>
		<ipxact:parameter parameterId="uuid_10e4f4c6_764c_49aa_9850_0b0a8f15a6ec">
			<ipxact:name>INIT_FILE</ipxact:name>
			<ipxact:value>&quot;NONE&quot;</ipxact:value>
		</ipxact:parameter>
	</ipxact:parameters>
	<ipxact:vendorExtensions>
		<kactus2:version>3,1,2,0</kactus2:version>
		<kactus2:kts_attributes>
			<kactus2:kts_productHier>IP</kactus2:kts_productHier>
			<kactus2:kts_implementation>HW</kactus2:kts_implementation>
			<kactus2:kts_firmness>Mutable</kactus2:kts_firmness>
		</kactus2:kts_attributes>
	</ipxact:vendorExtensions>
</ipxact:component>
