<?xml version="1.0" encoding="UTF-8"?>
<ipxact:component xmlns:xsi="http://www.w3.org/2001/XMLSchema-instance" xmlns:ipxact="http://www.accellera.org/XMLSchema/IPXACT/1685-2014" xmlns:kactus2="http://kactus2.cs.tut.fi" xsi:schemaLocation="http://www.accellera.org/XMLSchema/IPXACT/1685-2014/ http://www.accellera.org/XMLSchema/IPXACT/1685-2014/index.xsd">
	<ipxact:vendor>fusesoc</ipxact:vendor>
	<ipxact:library>socgen_CDE</ipxact:library>
	<ipxact:name>sram</ipxact:name>
	<ipxact:version>dp</ipxact:version>
	<ipxact:model>
		<ipxact:views>
			<ipxact:view>
				<ipxact:name>rtl</ipxact:name>
			</ipxact:view>
		</ipxact:views>
	</ipxact:model>
	<ipxact:fileSets>
		<ipxact:fileSet>
			<ipxact:name>../verilog</ipxact:name>
			<ipxact:file>
				<ipxact:name>../verilog/sram_dp.v</ipxact:name>
				<ipxact:fileType>verilogSource</ipxact:fileType>
				<ipxact:vendorExtensions>
					<kactus2:hash>6e71f11e978c9ee3797e1d9fb75d41c570e02b57</kactus2:hash>
				</ipxact:vendorExtensions>
			</ipxact:file>
		</ipxact:fileSet>
	</ipxact:fileSets>
	<ipxact:description>Sync ram model</ipxact:description>
	<ipxact:vendorExtensions>
		<kactus2:kts_attributes>
			<kactus2:kts_productHier>IP</kactus2:kts_productHier>
			<kactus2:kts_implementation>HW</kactus2:kts_implementation>
			<kactus2:kts_firmness>Mutable</kactus2:kts_firmness>
		</kactus2:kts_attributes>
		<kactus2:version>3,1,2,0</kactus2:version>
		<kactus2:author>John Eaton</kactus2:author>
		<kactus2:sourceDirectories>
			<kactus2:sourceDirectory>.</kactus2:sourceDirectory>
			<kactus2:sourceDirectory>../verilog</kactus2:sourceDirectory>
		</kactus2:sourceDirectories>
	</ipxact:vendorExtensions>
</ipxact:component>
