<?xml version="1.0" encoding="UTF-8"?>
<ipxact:abstractionDefinition xmlns:xsi="http://www.w3.org/2001/XMLSchema-instance" xmlns:ipxact="http://www.accellera.org/XMLSchema/IPXACT/1685-2014" xmlns:kactus2="http://kactus2.cs.tut.fi" xsi:schemaLocation="http://www.accellera.org/XMLSchema/IPXACT/1685-2014/ http://www.accellera.org/XMLSchema/IPXACT/1685-2014/index.xsd">
	<ipxact:vendor>fusesoc</ipxact:vendor>
	<ipxact:library>socgen_CDE</ipxact:library>
	<ipxact:name>jtag.absDef</ipxact:name>
	<ipxact:version>bus</ipxact:version>
	<ipxact:busType vendor="fusesoc" library="socgen_CDE" name="jtag" version="bus"/>
	<ipxact:ports>
		<ipxact:port>
			<ipxact:logicalName>clock</ipxact:logicalName>
			<ipxact:wire>
				<ipxact:onMaster>
					<ipxact:presence>optional</ipxact:presence>
					<ipxact:width>1</ipxact:width>
					<ipxact:direction>out</ipxact:direction>
				</ipxact:onMaster>
				<ipxact:onSlave>
					<ipxact:presence>optional</ipxact:presence>
					<ipxact:width>1</ipxact:width>
					<ipxact:direction>in</ipxact:direction>
				</ipxact:onSlave>
			</ipxact:wire>
		</ipxact:port>
		<ipxact:port>
			<ipxact:logicalName>test_logic_reset</ipxact:logicalName>
			<ipxact:wire>
				<ipxact:onMaster>
					<ipxact:presence>optional</ipxact:presence>
					<ipxact:width>1</ipxact:width>
					<ipxact:direction>out</ipxact:direction>
				</ipxact:onMaster>
				<ipxact:onSlave>
					<ipxact:presence>optional</ipxact:presence>
					<ipxact:width>1</ipxact:width>
					<ipxact:direction>in</ipxact:direction>
				</ipxact:onSlave>
			</ipxact:wire>
		</ipxact:port>
		<ipxact:port>
			<ipxact:logicalName>run_test</ipxact:logicalName>
			<ipxact:wire>
				<ipxact:onMaster>
					<ipxact:presence>optional</ipxact:presence>
					<ipxact:width>1</ipxact:width>
					<ipxact:direction>out</ipxact:direction>
				</ipxact:onMaster>
				<ipxact:onSlave>
					<ipxact:presence>optional</ipxact:presence>
					<ipxact:width>1</ipxact:width>
					<ipxact:direction>in</ipxact:direction>
				</ipxact:onSlave>
			</ipxact:wire>
		</ipxact:port>		
		<ipxact:port>
			<ipxact:logicalName>select</ipxact:logicalName>
			<ipxact:wire>
				<ipxact:onMaster>
					<ipxact:presence>optional</ipxact:presence>
					<ipxact:width>1</ipxact:width>
					<ipxact:direction>out</ipxact:direction>
				</ipxact:onMaster>
				<ipxact:onSlave>
					<ipxact:presence>optional</ipxact:presence>
					<ipxact:width>1</ipxact:width>
					<ipxact:direction>in</ipxact:direction>
				</ipxact:onSlave>
			</ipxact:wire>
		</ipxact:port>
		<ipxact:port>
			<ipxact:logicalName>shift_dr</ipxact:logicalName>
			<ipxact:wire>
				<ipxact:onMaster>
					<ipxact:presence>optional</ipxact:presence>
					<ipxact:width>1</ipxact:width>
					<ipxact:direction>out</ipxact:direction>
				</ipxact:onMaster>
				<ipxact:onSlave>
					<ipxact:presence>optional</ipxact:presence>
					<ipxact:width>1</ipxact:width>
					<ipxact:direction>in</ipxact:direction>
				</ipxact:onSlave>
			</ipxact:wire>
		</ipxact:port>
		<ipxact:port>
			<ipxact:logicalName>capture_dr</ipxact:logicalName>
			<ipxact:wire>
				<ipxact:onMaster>
					<ipxact:presence>optional</ipxact:presence>
					<ipxact:width>1</ipxact:width>
					<ipxact:direction>out</ipxact:direction>
				</ipxact:onMaster>
				<ipxact:onSlave>
					<ipxact:presence>optional</ipxact:presence>
					<ipxact:width>1</ipxact:width>
					<ipxact:direction>in</ipxact:direction>
				</ipxact:onSlave>
			</ipxact:wire>
		</ipxact:port>
		<ipxact:port>
			<ipxact:logicalName>update_dr</ipxact:logicalName>
			<ipxact:wire>
				<ipxact:onMaster>
					<ipxact:presence>optional</ipxact:presence>
					<ipxact:width>1</ipxact:width>
					<ipxact:direction>out</ipxact:direction>
				</ipxact:onMaster>
				<ipxact:onSlave>
					<ipxact:presence>optional</ipxact:presence>
					<ipxact:width>1</ipxact:width>
					<ipxact:direction>in</ipxact:direction>
				</ipxact:onSlave>
			</ipxact:wire>
		</ipxact:port>
		<ipxact:port>
			<ipxact:logicalName>update_dr_clk</ipxact:logicalName>
			<ipxact:wire>
				<ipxact:onMaster>
					<ipxact:presence>optional</ipxact:presence>
					<ipxact:width>1</ipxact:width>
					<ipxact:direction>out</ipxact:direction>
				</ipxact:onMaster>
				<ipxact:onSlave>
					<ipxact:presence>optional</ipxact:presence>
					<ipxact:width>1</ipxact:width>
					<ipxact:direction>in</ipxact:direction>
				</ipxact:onSlave>
			</ipxact:wire>
		</ipxact:port>
		<ipxact:port>
			<ipxact:logicalName>shiftcapture_dr_clk</ipxact:logicalName>
			<ipxact:wire>
				<ipxact:onMaster>
					<ipxact:presence>optional</ipxact:presence>
					<ipxact:width>1</ipxact:width>
					<ipxact:direction>out</ipxact:direction>
				</ipxact:onMaster>
				<ipxact:onSlave>
					<ipxact:presence>optional</ipxact:presence>
					<ipxact:width>1</ipxact:width>
					<ipxact:direction>in</ipxact:direction>
				</ipxact:onSlave>
			</ipxact:wire>
		</ipxact:port>

		
		<ipxact:port>
			<ipxact:logicalName>tdi</ipxact:logicalName>
			<ipxact:wire>
				<ipxact:onMaster>
					<ipxact:presence>optional</ipxact:presence>
					<ipxact:width>1</ipxact:width>
					<ipxact:direction>out</ipxact:direction>
				</ipxact:onMaster>
				<ipxact:onSlave>
					<ipxact:presence>optional</ipxact:presence>
					<ipxact:width>1</ipxact:width>
					<ipxact:direction>in</ipxact:direction>
				</ipxact:onSlave>
			</ipxact:wire>
		</ipxact:port>
		<ipxact:port>
			<ipxact:logicalName>tdo</ipxact:logicalName>
			<ipxact:wire>
				<ipxact:onMaster>
					<ipxact:presence>optional</ipxact:presence>
					<ipxact:width>1</ipxact:width>
					<ipxact:direction>in</ipxact:direction>
				</ipxact:onMaster>
				<ipxact:onSlave>
					<ipxact:presence>optional</ipxact:presence>
					<ipxact:width>1</ipxact:width>
					<ipxact:direction>out</ipxact:direction>
				</ipxact:onSlave>
			</ipxact:wire>
		</ipxact:port>
	</ipxact:ports>
	<ipxact:vendorExtensions>
		<kactus2:version>3,1,2,0</kactus2:version>
	</ipxact:vendorExtensions>
</ipxact:abstractionDefinition>
