<?xml version="1.0" encoding="UTF-8"?>
<ipxact:busDefinition xmlns:xsi="http://www.w3.org/2001/XMLSchema-instance" xmlns:ipxact="http://www.accellera.org/XMLSchema/IPXACT/1685-2014" xmlns:kactus2="http://kactus2.cs.tut.fi" xsi:schemaLocation="http://www.accellera.org/XMLSchema/IPXACT/1685-2014/ http://www.accellera.org/XMLSchema/IPXACT/1685-2014/index.xsd">
	<ipxact:vendor>fusesoc</ipxact:vendor>
	<ipxact:library>socgen_CDE</ipxact:library>
	<ipxact:name>jtag</ipxact:name>
	<ipxact:version>bus</ipxact:version>
	<ipxact:directConnection>true</ipxact:directConnection>
	<ipxact:isAddressable>true</ipxact:isAddressable>
	<ipxact:vendorExtensions>
		<kactus2:version>3,1,2,0</kactus2:version>
	</ipxact:vendorExtensions>
</ipxact:busDefinition>
